Workbook

Sheet sum
A1: Container | B1: Net Wt (kg) | C1: Total Kap | D1: Order No
A2: ARKU1203805-1 | B2: ='ARKU1203805-1'!I36 -> 1990 | C2: ='ARKU1203805-1'!C36 -> 2 | D2: VMP-S01064-B4
A3: ARKU1203805-2 | B3: ='ARKU1203805-2'!I36 -> 5620 | C3: ='ARKU1203805-2'!C36 -> 13 | D3: VMP-S01064-B4
A4: ARKU1203805-3 | B4: ='ARKU1203805-3'!I36 -> 5690 | C4: ='ARKU1203805-3'!C36 -> 6 | D4: VMP-S01064-B4
A5: TOTAL | B5: =SUM(B2:B4) -> 13300 | C5: =SUM(C2:C4) -> 21

Sheet ARKU1203805-1
A1: #VALUE! | D1: PACKING LIST ÇEKİ LİSTESİ | L1: Yayın Tarihi | N1: 46098
L2: Doküman No | N2: P07-F07
L3: Revizyon Tarihi | N3: -
L4: Revizyon No | N4: 00
A5: DOCUMENT & SHIPMENT INFORMATION / BELGE VE SEVKİYAT BİLGİLERİ
A6: Order No. / Sipariş No | C6: VMP-S01064-B4 | E6: Date / Tarih | G6: 46181 | I6: Invoice No. / Fatura No | K6: IHR2026000000042 | M6: Incoterm | O6: CIF
A7: Shipper / Gönderici | C7: VİMPO MAKİNE A.Ş. | I7: Consignee / Alıcı | K7: ATP / Africa Road for Asphalt and Petroleum Insulation Industries
A8: Notify Party / İhbar | C8: ATP / Africa Road for Asphalt and Petroleum Insulation Industries | I8: Country of Origin | K8: Türkiye | M8: Final Destination | O8: Bingazi Port
A9: Port of Loading | C9: EVYAP | E9: Port of Discharge | G9: Bingazi Port | I9: Vessel / Flight | K9: KAPTAN AYTAC A / LTS19S26 | M9: ETD | O9: 46191
A10: Container / Vehicle No. | C10: ARKU1203805 | E10: B/L - AWB No. | I10: PO / Contract No. | M10: Currency | O10: EUR
A12: Item No | B12: Case / Crate No | C12: Part No. / Model | D12: Description of Goods | E12: HS Code | F12: COO | G12: Qty | H12: UOM | I12: Package Type | J12: Bundle Qty | K12: L (mm) | L12: H (mm) | M12: Net Wt (kg) | N12: Gross Wt (kg) | O12: Volume (m³)
A13: 1 | B13: PK-B4-01 | D13: Welding Gloves Heat-Resistant Leather / Kaynakci Eldiveni | E13: 4203.29.00.00.11 | F13: TR | G13: 180 | H13: pcs | I13: Pallet | J13: 1 | M13: 880 | O13: =IF(COUNTA(J13:L13)=3,J13*K13*L13/1000000,"")
A14: 2 | D14: Assembly Gloves Yellow / Sari Montaj Eldiveni Beybi | E14: 6116.10.00.00.00 | F14: TR | G14: 300 | H14: pcs | O14: =IF(COUNTA(J14:L14)=3,J14*K14*L14/1000000,"")
A15: 3 | D15: Welding Helmet Head-Mounted / Bas Maskesi | E15: 6506.10.00.00.00 | F15: TR | G15: 10 | H15: pcs | O15: =IF(COUNTA(J15:L15)=3,J15*K15*L15/1000000,"")
A16: 4 | D16: Dark Welding Helmet Lens / Maske Cami Siyah | E16: 9001.90.00.00.00 | F16: TR | G16: 100 | H16: pcs | O16: =IF(COUNTA(J16:L16)=3,J16*K16*L16/1000000,"")
A17: 5 | D17: Safety Goggles / Taslama Gozlugu | E17: 9004.90.10.00.00 | F17: TR | G17: 20 | H17: pcs | O17: =IF(COUNTA(J17:L17)=3,J17*K17*L17/1000000,"")
A18: 6 | D18: 20m Extension Cable 380V 3-Pin / TTR Kablo 4x2.5 380V Grup Priz 20mt | E18: 8544.42.90.00.00 | F18: TR | G18: 4 | H18: pcs | O18: =IF(COUNTA(J18:L18)=3,J18*K18*L18/1000000,"")
A19: 7 | D19: 20m Extension Cable 220V 3-Pin / TTR Kablo 3x2.5 220V Grup Priz 20mt | E19: 8544.42.90.00.00 | F19: TR | G19: 4 | H19: pcs | O19: =IF(COUNTA(J19:L19)=3,J19*K19*L19/1000000,"")
A20: 8 | D20: 10 Ton Manual Chain Hoist Atlas ATCK105 5m / Caraskal 10T 5mt | E20: 8425.19.00.00.11 | F20: TR | G20: 8 | H20: pcs | O20: =IF(COUNTA(J20:L20)=3,J20*K20*L20/1000000,"")
A21: 9 | B21: PK-B4-02 | D21: Light Hammer 500g / 500gr Cekic | E21: 8205.20.00.00.00 | F21: TR | G21: 5 | H21: pcs | I21: Pallet | J21: 1 | M21: 1110 | O21: =IF(COUNTA(J21:L21)=3,J21*K21*L21/1000000,"")
A22: 10 | D22: Sledge Hammer 5kg / 5kg Balyoz | E22: 8205.20.00.00.00 | F22: TR | G22: 3 | H22: pcs | O22: =IF(COUNTA(J22:L22)=3,J22*K22*L22/1000000,"")
A23: 11 | D23: Hex Key Set Allen 4-12mm / Izeltas 12prc Allen Seti | E23: 8204.11.00.00.00 | F23: TR | G23: 1 | H23: pcs | O23: =IF(COUNTA(J23:L23)=3,J23*K23*L23/1000000,"")
A24: 12 | D24: 160mm Diagonal Cutter / Izeltas 160mm Yan Keski | E24: 8203.20.00.00.00 | F24: TR | G24: 5 | H24: pcs | O24: =IF(COUNTA(J24:L24)=3,J24*K24*L24/1000000,"")
A25: 13 | D25: Flat Screwdriver 5x150mm / Izeltas Duz Tornavida 5x150 | E25: 8205.40.00.00.00 | F25: TR | G25: 5 | H25: pcs | O25: =IF(COUNTA(J25:L25)=3,J25*K25*L25/1000000,"")
A26: 14 | D26: Voltage Tester Pen / Izeltas Kontrol Kalemi | E26: 9030.39.00.00.00 | F26: TR | G26: 5 | H26: pcs | O26: =IF(COUNTA(J26:L26)=3,J26*K26*L26/1000000,"")
A27: 15 | D27: Phillips Screwdriver 4.5x150mm / Izeltas Yildiz Tornavida 4.5x150 | E27: 8205.40.00.00.00 | F27: TR | G27: 5 | H27: pcs | O27: =IF(COUNTA(J27:L27)=3,J27*K27*L27/1000000,"")
A28: 16 | D28: Combination Pliers 160mm / Izeltas 160mm Pense | E28: 8203.20.00.00.00 | F28: TR | G28: 5 | H28: pcs | O28: =IF(COUNTA(J28:L28)=3,J28*K28*L28/1000000,"")
A29: 17 | D29: Pry Bar Crowbar 500mm / Izeltas 500mm Levye | E29: 8205.59.00.00.00 | F29: TR | G29: 10 | H29: pcs | O29: =IF(COUNTA(J29:L29)=3,J29*K29*L29/1000000,"")
A30: 18 | D30: 12-Piece Open-End Spanner Set 6-32mm / Izeltas 12li Acik Agiz Anahtar Tkm | E30: 8204.11.00.00.00 | F30: TR | G30: 1 | H30: pcs | O30: =IF(COUNTA(J30:L30)=3,J30*K30*L30/1000000,"")
A31: 19 | D31: Ring Spanner Set 6-32mm / Izeltas 12li Yildiz Anahtar Tkm | E31: 8204.11.00.00.00 | F31: TR | G31: 1 | H31: pcs | O31: =IF(COUNTA(J31:L31)=3,J31*K31*L31/1000000,"")
A32: 20 | D32: Pipe Wrench 1/2in / Izeltas 1/2 Boru Anahtari | E32: 8204.12.00.00.00 | F32: TR | G32: 1 | H32: pcs | O32: =IF(COUNTA(J32:L32)=3,J32*K32*L32/1000000,"")
A33: 21 | D33: Pipe Wrench 3in / Izeltas 3in Boru Anahtari | E33: 8204.12.00.00.00 | F33: TR | G33: 1 | H33: pcs | O33: =IF(COUNTA(J33:L33)=3,J33*K33*L33/1000000,"")
A34: TOTAL/TOPLAM | G34: =SUM(G13:G33) -> 674 | J34: =SUM(J13:J33) -> 2 | M34: =SUM(M13:M33) -> 1990 | N34: =SUM(N13:N33) -> 0 | O34: =SUM(O13:O33) -> 0
A36: Total Bundle | C36: =J34 -> 2 | D36: Total Qty (pcs) | F36: =G34 -> 674 | G36: Total Net Wt (kg) | I36: =SUM(M13:M33) -> 1990 | J36: Total Gross Wt (kg) | L36: =SUM(N13:N33) -> 0 | M36: Total Volume (m³) | O36: =SUM(O13:O33) -> 0
A38: Vimpo Makine A.Ş.
A39: Adres / Address : Malıköy Anadolu OSB Mahallesi 12. Cadde No:8 06909 Sincan/Ankara/Türkiye Telefon / Phone : +90 312 354 8509 • E-posta / E-mail : ugur.cicekverdi@vimpo.com • Web : www.vimpo.com.tr

Sheet ARKU1203805-2
A1: #VALUE! | D1: PACKING LIST ÇEKİ LİSTESİ | L1: Yayın Tarihi | N1: 46098
L2: Doküman No | N2: P07-F07
L3: Revizyon Tarihi | N3: -
L4: Revizyon No | N4: 00
A5: DOCUMENT & SHIPMENT INFORMATION / BELGE VE SEVKİYAT BİLGİLERİ
A6: Order No. / Sipariş No | C6: VMP-S01064-B4 | E6: Date / Tarih | G6: 46181 | I6: Invoice No. / Fatura No | K6: IHR2026000000042 | M6: Incoterm | O6: CIF
A7: Shipper / Gönderici | C7: VİMPO MAKİNE A.Ş. | I7: Consignee / Alıcı | K7: ATP / Africa Road for Asphalt and Petroleum Insulation Industries
A8: Notify Party / İhbar | C8: ATP / Africa Road for Asphalt and Petroleum Insulation Industries | I8: Country of Origin | K8: Türkiye | M8: Final Destination | O8: Bingazi Port
A9: Port of Loading | C9: EVYAP | E9: Port of Discharge | G9: Bingazi Port | I9: Vessel / Flight | K9: KAPTAN AYTAC A / LTS19S26 | M9: ETD | O9: 46191
A10: Container / Vehicle No. | C10: ARKU1203805 | E10: B/L - AWB No. | I10: PO / Contract No. | M10: Currency | O10: EUR
A12: Item No | B12: Case / Crate No | C12: Part No. / Model | D12: Description of Goods | E12: HS Code | F12: COO | G12: Qty | H12: UOM | I12: Package Type | J12: Bundle Qty | K12: L (mm) | L12: H (mm) | M12: Net Wt (kg) | N12: Gross Wt (kg) | O12: Volume (m³)
A13: 1 | B13: PK-B4-03 | D13: Super Cellulosic Thinner 15kg / Selulozik Tiner | E13: 3814.00.90.00.00 | F13: TR | G13: 4 | H13: pcs | I13: Pallet | J13: 1 | M13: 1370 | O13: =IF(COUNTA(J13:L13)=3,J13*K13*L13/1000000,"")
A14: 2 | D14: Paint Roller Brush Large 25cm / 25cm Rulo Dekor | E14: 9603.40.90.00.00 | F14: TR | G14: 4 | H14: pcs | O14: =IF(COUNTA(J14:L14)=3,J14*K14*L14/1000000,"")
A15: 3 | D15: Paint Roller Brush Small / Parmak Rulo Dekor | E15: 9603.40.90.00.00 | F15: TR | G15: 15 | H15: pcs | O15: =IF(COUNTA(J15:L15)=3,J15*K15*L15/1000000,"")
A16: 4 | D16: 8mm Bit Socket / 8mm Bits Lokma | E16: 8204.20.00.00.00 | F16: TR | G16: 10 | H16: pcs | O16: =IF(COUNTA(J16:L16)=3,J16*K16*L16/1000000,"")
A17: 5 | D17: Bosch Electric Drill GSB 13 RE / Elektrikli Matkap Bosch GSB 13 RE | E17: 8467.21.00.00.11 | F17: TR | G17: 1 | H17: pcs | O17: =IF(COUNTA(J17:L17)=3,J17*K17*L17/1000000,"")
A18: 6 | D18: Bosch Angle Grinder Small GWS 750 / Bosch GWS 750 Taslama | E18: 8467.29.00.00.11 | F18: TR | G18: 1 | H18: pcs | O18: =IF(COUNTA(J18:L18)=3,J18*K18*L18/1000000,"")
A19: 7 | D19: EGESAN 230x3mm Cutting Disc / Egesan 230x3 Kesme Tasi | E19: 6804.22.00.00.00 | F19: TR | G19: 125 | H19: pcs | O19: =IF(COUNTA(J19:L19)=3,J19*K19*L19/1000000,"")
A20: 8 | D20: EGESAN 180x8mm Grinding Wheel / Egesan 180x8 Taslama Tasi | E20: 6804.22.00.00.00 | F20: TR | G20: 150 | H20: pcs | O20: =IF(COUNTA(J20:L20)=3,J20*K20*L20/1000000,"")
A21: 9 | D21: Try Square Angle Square 35cm / Gonye 35cm | E21: 9017.30.00.00.00 | F21: TR | G21: 3 | H21: pcs | O21: =IF(COUNTA(J21:L21)=3,J21*K21*L21/1000000,"")
A22: 10 | D22: 3 Ton Mechanical Jack / 3 Ton Pehlivan Kriko | E22: 8425.42.00.00.11 | F22: TR | G22: 1 | H22: pcs | O22: =IF(COUNTA(J22:L22)=3,J22*K22*L22/1000000,"")
A23: 11 | D23: Magnetic Spirit Level 600mm / Su Terazisi 60cm Miknatisli | E23: 9015.30.00.00.00 | F23: TR | G23: 5 | H23: pcs | O23: =IF(COUNTA(J23:L23)=3,J23*K23*L23/1000000,"")
A24: 12 | D24: Binding Wire Annealed Iron Wire / Bag Teli | E24: 7217.10.00.00.00 | F24: TR | G24: 20 | H24: kg | O24: =IF(COUNTA(J24:L24)=3,J24*K24*L24/1000000,"")
A25: 13 | D25: PTFE Thread Seal Tape / Teflon Bant | E25: 3920.99.00.00.00 | F25: TR | G25: 10 | H25: pcs | O25: =IF(COUNTA(J25:L25)=3,J25*K25*L25/1000000,"")
... A30: 18 | D30: 100W Floodlight Projector Lamp / 100W Projektor Lamba | E30: 9405.42.00.00.00 | F30: TR | G30: 5 | H30: pcs | O30: =IF(COUNTA(J30:L30)=3,J30*K30*L30/1000000,"")
A31: 19 | B31: PK-B4-04 | D31: 380V Multi-Outlet Electrical Panel 40m Cable / Pano 380V 40mt Kablo | E31: 8537.10.99.00.11 | F31: TR | G31: 3 | H31: pcs | I31: Loose | J31: 3 | M31: 105 | O31: =IF(COUNTA(J31:L31)=3,J31*K31*L31/1000000,"")
A32: 20 | B32: PK-B4-05 | D32: Plate Rolling Machine 4-Roll Bending Machine / Buyuk Silindir Makinesi | E32: 8462.29.00.00.11 | F32: TR | G32: 1 | H32: pcs | I32: Loose | J32: 1 | M32: 3600 | O32: =IF(COUNTA(J32:L32)=3,J32*K32*L32/1000000,"")
A33: 21 | B33: PK-B4-06 | D33: Welding Machine Transformer 350-550A / Kaynak Makinesi Soyberg 350-400A | E33: 8515.39.00.00.11 | F33: TR | G33: 8 | H33: pcs | I33: Loose | J33: 8 | M33: 545 | O33: =IF(COUNTA(J33:L33)=3,J33*K33*L33/1000000,"")
A34: TOTAL/TOPLAM | G34: =SUM(G13:G33) -> 393 | J34: =SUM(J13:J33) -> 13 | M34: =SUM(M13:M33) -> 5620 | N34: =SUM(N13:N33) -> 0 | O34: =SUM(O13:O33) -> 0
A36: Total Bundle | C36: =J34 -> 13 | D36: Total Qty (pcs) | F36: =G34 -> 393 | G36: Total Net Wt (kg) | I36: =SUM(M13:M33) -> 5620 | J36: Total Gross Wt (kg) | L36: =SUM(N13:N33) -> 0 | M36: Total Volume (m³) | O36: =SUM(O13:O33) -> 0
A38: Vimpo Makine A.Ş.
A39: Adres / Address : Malıköy Anadolu OSB Mahallesi 12. Cadde No:8 06909 Sincan/Ankara/Türkiye Telefon / Phone : +90 312 354 8509 • E-posta / E-mail : ugur.cicekverdi@vimpo.com • Web : www.vimpo.com.tr

Sheet ARKU1203805-3
A1: #VALUE! | D1: PACKING LIST ÇEKİ LİSTESİ | L1: Yayın Tarihi | N1: 46098
L2: Doküman No | N2: P07-F07
L3: Revizyon Tarihi | N3: -
L4: Revizyon No | N4: 00
A5: DOCUMENT & SHIPMENT INFORMATION / BELGE VE SEVKİYAT BİLGİLERİ
A6: Order No. / Sipariş No | C6: VMP-S01064-B4 | E6: Date / Tarih | G6: 46181 | I6: Invoice No. / Fatura No | K6: IHR2026000000042 | M6: Incoterm | O6: CIF
A7: Shipper / Gönderici | C7: VİMPO MAKİNE A.Ş. | I7: Consignee / Alıcı | K7: ATP / Africa Road for Asphalt and Petroleum Insulation Industries
A8: Notify Party / İhbar | C8: ATP / Africa Road for Asphalt and Petroleum Insulation Industries | I8: Country of Origin | K8: Türkiye | M8: Final Destination | O8: Bingazi Port
A9: Port of Loading | C9: EVYAP | E9: Port of Discharge | G9: Bingazi Port | I9: Vessel / Flight | K9: KAPTAN AYTAC A / LTS19S26 | M9: ETD | O9: 46191
A10: Container / Vehicle No. | C10: ARKU1203805 | E10: B/L - AWB No. | I10: PO / Contract No. | M10: Currency | O10: EUR
A12: Item No | B12: Case / Crate No | C12: Part No. / Model | D12: Description of Goods | E12: HS Code | F12: COO | G12: Qty | H12: UOM | I12: Package Type | J12: Bundle Qty | K12: L (mm) | L12: H (mm) | M12: Net Wt (kg) | N12: Gross Wt (kg) | O12: Volume (m³)
A13: 1 | B13: PK-B4-07 | D13: Welding Cable TSE 35mm2 / 35mm2 Kaynak Kablosu | E13: 8544.49.00.00.19 | F13: TR | G13: 300 | H13: metre | I13: Pallet | J13: 1 | M13: 1600 | O13: =IF(COUNTA(J13:L13)=3,J13*K13*L13/1000000,"")
A14: 2 | D14: 600A Welding Electrode Holder / Kaynak Pensesi 600 Amper | E14: 8536.69.00.00.11 | F14: TR | G14: 20 | H14: pcs | O14: =IF(COUNTA(J14:L14)=3,J14*K14*L14/1000000,"")
A15: 3 | D15: Oxygen Cutting Torch with LPG Regulator Set / Salama Set + LPG Saat | E15: 8468.10.00.00.11 | F15: TR | G15: 3 | H15: pcs | O15: =IF(COUNTA(J15:L15)=3,J15*K15*L15/1000000,"")
A16: 4 | D16: LPG Regulator Gauge / LPG Saat | E16: 9026.20.00.00.00 | F16: TR | G16: 3 | H16: pcs | O16: =IF(COUNTA(J16:L16)=3,J16*K16*L16/1000000,"")
A17: 5 | D17: Oxygen Regulator Gauge / Oksijen Saat | E17: 9026.20.00.00.00 | F17: TR | G17: 3 | H17: pcs | O17: =IF(COUNTA(J17:L17)=3,J17*K17*L17/1000000,"")
A18: 6 | D18: Oxygen-Acetylene Twin Hose Blue-Red with Couplers / Mavi Kirmizi Hortum | E18: 4009.22.00.00.11 | F18: TR | G18: 30 | H18: metre | O18: =IF(COUNTA(J18:L18)=3,J18*K18*L18/1000000,"")
A19: 7 | D19: Welding Cable Connector 70-95mm2 Male / Jaki 70-95 Erkek | E19: 8536.90.00.00.11 | F19: TR | G19: 15 | H19: pcs | O19: =IF(COUNTA(J19:L19)=3,J19*K19*L19/1000000,"")
A20: 8 | D20: Welding Cable Connector 70-95mm2 Female / Jaki 70-95 Disi | E20: 8536.90.00.00.11 | F20: TR | G20: 15 | H20: pcs | O20: =IF(COUNTA(J20:L20)=3,J20*K20*L20/1000000,"")
A21: 9 | D21: Electrode Drying Oven 5kg / Elektrod Firini BMK1 1 Paketlik | E21: 8514.10.00.00.11 | F21: TR | G21: 3 | H21: pcs | O21: =IF(COUNTA(J21:L21)=3,J21*K21*L21/1000000,"")
A22: 10 | B22: PK-B4-08 | D22: 4mm Basic Welding Electrode / Bazik Elektrod 4mm | E22: 8311.10.00.00.11 | F22: TR | G22: 35100 | H22: pcs | I22: Pallet | J22: 1 | M22: 1530 | O22: =IF(COUNTA(J22:L22)=3,J22*K22*L22/1000000,"")
A23: 11 | D23: 4mm Rutile Welding Electrode / Rutile Elektrod 4mm | E23: 8311.10.00.00.11 | F23: TR | G23: 10800 | H23: pcs | O23: =IF(COUNTA(J23:L23)=3,J23*K23*L23/1000000,"")
A24: 12 | D24: 3.25mm Basic Welding Electrode / Bazik Elektrod 3.25mm | E24: 8311.10.00.00.11 | F24: TR | G24: 13500 | H24: pcs | O24: =IF(COUNTA(J24:L24)=3,J24*K24*L24/1000000,"")
A25: 13 | D25: 3.25mm Rutile Welding Electrode / Rutile Elektrod 3.25mm | E25: 8311.10.00.00.11 | F25: TR | G25: 12000 | H25: pcs | O25: =IF(COUNTA(J25:L25)=3,J25*K25*L25/1000000,"")
A26: 14 | D26: 2.5mm Basic Welding Electrode / Bazik Elektrod 2.5mm | E26: 8311.10.00.00.11 | F26: TR | G26: 6000 | H26: pcs | O26: =IF(COUNTA(J26:L26)=3,J26*K26*L26/1000000,"")
A27: 15 | B27: PK-B4-9 | D27: Work Coverall Overalls / Is Elbisesi | E27: 6211.32.00.00.00 | F27: TR | G27: 60 | H27: pcs | I27: Carton Box | J27: 1 | M27: 80 | O27: =IF(COUNTA(J27:L27)=3,J27*K27*L27/1000000,"")
A28: 16 | D28: Fall Arrest Harness / Yuksekte Calisma Askisi | E28: 6217.10.00.00.00 | F28: TR | G28: 3 | H28: pcs | O28: =IF(COUNTA(J28:L28)=3,J28*K28*L28/1000000,"")
A29: 17 | D29: Safety Helmet Hard Hat / Baret | E29: 6506.10.00.00.00 | F29: TR | G29: 15 | H29: pcs | O29: =IF(COUNTA(J29:L29)=3,J29*K29*L29/1000000,"")
A30: 18 | B30: PK-B4-10 | D30: Self-Drilling Trapezoidal Roofing Screw 5.5x25mm / Trapez Vidasi 5.5x25mm | E30: 7318.14.00.00.00 | F30: TR | G30: 60 | H30: kg | I30: Wooden Crate | J30: 1 | M30: 760 | O30: =IF(COUNTA(J30:L30)=3,J30*K30*L30/1000000,"")
A31: 19 | D31: Antipas Anti-Rust Primer Paint 25kg / Antipas Boya 25kg | E31: 3208.10.00.00.00 | F31: TR | G31: 16 | H31: pcs | O31: =IF(COUNTA(J31:L31)=3,J31*K31*L31/1000000,"")
A32: 20 | B32: PK-B4-11 | D32: Chequered Steel Step Plate for 8in Pipe Welded / Baklava Sac Basamak | E32: 7308.90.00.00.00 | F32: TR | G32: 220 | H32: pcs | I32: Pallet | J32: 1 | M32: 1020 | O32: =IF(COUNTA(J32:L32)=3,J32*K32*L32/1000000,"")
A33: 21 | B33: PK-B4-12 | D33: Black Steel Strip ST37 3000x100x2mm / Etek Saci 3x100x2000mm St37 | E33: 7208.39.00.00.00 | F33: TR | G33: 140 | H33: pcs | I33: Bulk | J33: 1 | M33: 700 | O33: =IF(COUNTA(J33:L33)=3,J33*K33*L33/1000000,"")
A34: TOTAL/TOPLAM | G34: =SUM(G13:G33) -> 78306 | J34: =SUM(J13:J33) -> 6 | M34: =SUM(M13:M33) -> 5690 | N34: =SUM(N13:N33) -> 0 | O34: =SUM(O13:O33) -> 0
A36: Total Bundle | C36: =J34 -> 6 | D36: Total Qty (pcs) | F36: =G34 -> 78306 | G36: Total Net Wt (kg) | I36: =SUM(M13:M33) -> 5690 | J36: Total Gross Wt (kg) | L36: =SUM(N13:N33) -> 0 | M36: Total Volume (m³) | O36: =SUM(O13:O33) -> 0
A38: Vimpo Makine A.Ş.
A39: Adres / Address : Malıköy Anadolu OSB Mahallesi 12. Cadde No:8 06909 Sincan/Ankara/Türkiye Telefon / Phone : +90 312 354 8509 • E-posta / E-mail : ugur.cicekverdi@vimpo.com • Web : www.vimpo.com.tr
