Workbook

Sheet sum
A1: Container | B1: kg | C1: pcs
A2: TEXU157632-4 | B2: ='TEXU157632-4'!I25 -> 25180 | C2: ='TEXU157632-4'!F25 -> 32
A3: TRIU052057-7 | B3: ='TRIU052057-7'!I25 -> 25210 | C3: ='TRIU052057-7'!F25 -> 29
A4: TCLU714897-6 | B4: ='TCLU714897-6'!I25 -> 25080 | C4: ='TCLU714897-6'!F25 -> 34
A5: TCLU706964-5 | B5: ='TCLU706964-5'!I25 -> 25080 | C5: ='TCLU706964-5'!F25 -> 37
A6: TCLU715830-0 | B6: ='TCLU715830-0'!I25 -> 25160 | C6: ='TCLU715830-0'!F25 -> 32
A7: TRIU053641-8 | B7: ='TRIU053641-8'!I25 -> 25130 | C7: ='TRIU053641-8'!F25 -> 40
A8: TEXU158527-0 | B8: ='TEXU158527-0'!I25 -> 25230 | C8: ='TEXU158527-0'!F25 -> 47
A9: TRIU056682-9 | B9: ='TRIU056682-9'!I25 -> 25130 | C9: ='TRIU056682-9'!F25 -> 38
A10: TCLU716779-1 | B10: ='TCLU716779-1'!I25 -> 25130 | C10: ='TCLU716779-1'!F25 -> 39
A11: TRIU056653-6 | B11: ='TRIU056653-6'!I25 -> 25050 | C11: ='TRIU056653-6'!F25 -> 32
B12: =SUM(B2:B11) -> 251380 | C12: =SUM(C2:C11) -> 360

Sheet TEXU157632-4
A1: #VALUE! | D1: PACKING LIST ÇEKİ LİSTESİ | L1: Yayın Tarihi | N1: 46098
L2: Doküman No | N2: P07-F07
L3: Revizyon Tarihi | N3: -
L4: Revizyon No | N4: 00
A5: DOCUMENT & SHIPMENT INFORMATION / BELGE VE SEVKİYAT BİLGİLERİ
A6: Order No. / Sipariş No | C6: VMP-S01064-B1 | E6: Date / Tarih | G6: 46118 | I6: Invoice No. / Fatura No | K6: IHR2026000000026 | M6: Incoterm | O6: CIF
A7: Shipper / Gönderici | C7: vvvvvvvvvvvv | I7: Consignee / Alıcı | K7: Africa Road for Asphalt and Petroleum Insulation Industries
A8: Notify Party / İhbar | C8: Africa Road for Asphalt and Petroleum Insulation Industries | I8: Country of Origin | K8: Türkiye | M8: Final Destination | O8: Bingazi Port
A9: Port of Loading | C9: Limak Port İskenderun | E9: Port of Discharge | G9: Bingazi Port | I9: Vessel / Flight | K9: CMA CGM NANSHA / 0NVLPN1MA | M9: ETD / ETA | O9: 46153
A10: Container / Vehicle No. | C10: TEXU157632-4 | E10: B/L - AWB No. | I10: PO / Contract No. | M10: Currency | O10: EUR
A11: ASM2026000000541
A12: Item No | B12: Case / Crate No | C12: Part No. / Model | D12: Description of Goods | E12: HS Code | F12: COO | G12: Qty | H12: UOM | I12: Package Type | J12: L (cm) | K12: W (cm) | L12: H (cm) | M12: Net Wt (kg) | N12: Gross Wt (kg) | O12: Volume (m³)
A13: 1 | C13: 2613H40044 | D13: St37 Steel Sheet 4x1500x8000 mm | E13: 7208.40.00.10.19 | F13: Türkiye | G13: 14 | H13: Pcs | I13: Bundle | J13: 8000 | K13: 1500 | L13: 4 | M13: 5294 | O13: =IF(COUNTA(J13:L13)=3,J13*K13*L13/1000000,"") -> 48
A14: 2 | C14: 2613H30074 | D14: St37 Steel Sheet 10x1500x6900 mm | E14: 7208.40.00.10.19 | F14: Türkiye | G14: 2 | H14: Pcs | I14: Bundle | J14: 6900 | K14: 1500 | L14: 10 | M14: 1646 | O14: =IF(COUNTA(J14:L14)=3,J14*K14*L14/1000000,"") -> 103.5
A15: 3 | C15: 2611H30298 | D15: St37 Steel Sheet 12x1500x8000 mm | E15: 7208.51.20.90.19 | F15: Türkiye | G15: 4 | H15: Pcs | I15: Bundle | J15: 8000 | K15: 1500 | L15: 12 | M15: 4560 | O15: =IF(COUNTA(J15:L15)=3,J15*K15*L15/1000000,"") -> 144
A16: 4 | C16: 2613H30100 | D16: St37 Steel Sheet 12x1500x8000 mm | E16: 7208.51.20.90.19 | F16: Türkiye | G16: 4 | H16: Pcs | I16: Bundle | J16: 8000 | K16: 1500 | L16: 12 | M16: 4560 | O16: =IF(COUNTA(J16:L16)=3,J16*K16*L16/1000000,"") -> 144
A17: 5 | C17: 2613H30101 | D17: St37 Steel Sheet 12x1500x8000 mm | E17: 7208.51.20.90.19 | F17: Türkiye | G17: 4 | H17: Pcs | I17: Bundle | J17: 8000 | K17: 1500 | L17: 12 | M17: 4560 | O17: =IF(COUNTA(J17:L17)=3,J17*K17*L17/1000000,"") -> 144
A18: 6 | C18: 2613H30106 | D18: St37 Steel Sheet 12x1500x8000 mm | E18: 7208.51.20.90.19 | F18: Türkiye | G18: 4 | H18: Pcs | I18: Bundle | J18: 8000 | K18: 1500 | L18: 12 | M18: 4560 | O18: =IF(COUNTA(J18:L18)=3,J18*K18*L18/1000000,"") -> 144
A19: 7 | O19: =IF(COUNTA(J19:L19)=3,J19*K19*L19/1000000,"")
A20: 8 | O20: =IF(COUNTA(J20:L20)=3,J20*K20*L20/1000000,"")
A21: 9 | O21: =IF(COUNTA(J21:L21)=3,J21*K21*L21/1000000,"")
A22: 10 | O22: =IF(COUNTA(J22:L22)=3,J22*K22*L22/1000000,"")
A23: TOTAL / TOPLAM | G23: =SUM(G13:G22) -> 32 | M23: =SUM(M13:M22) -> 25180 | N23: =SUM(N13:N22) -> 0 | O23: =SUM(O13:O22) -> 727.5
A25: Total Packages | C25: =COUNTA(B13:B22) -> 0 | D25: Total Qty | F25: =SUM(G13:G22) -> 32 | G25: Total Net Wt (kg) | I25: =SUM(M13:M22) -> 25180 | J25: Total Gross Wt (kg) | L25: =SUM(N13:N22) -> 0 | M25: Total Volume (m³) | O25: =SUM(O13:O22) -> 727.5
A27: PACKAGING DECLARATION / AMBALAJ BEYANI
A28: All goods are packed suitably for export shipment, loading/unloading and inland transportation unless otherwise stated above. Yukarıda aksi belirtilmedikçe tüm mallar ihracat sevkiyatına, yükleme/boşaltmaya ve iç nakliyeye uygun şekilde ambalajlanmıştır.
A31: APPROVAL / ONAY
A33: Prepared By | D33: Date | G33: Checked By | J33: Approved By | M33: Receiver / Carrier
A37: Vimpo Makine A.Ş.
A38: Adres / Address : Malıköy Anadolu OSB Mahallesi 12. Cadde No:8 06909 Sincan/Ankara/Türkiye Telefon / Phone : +90 312 354 8509 • E-posta / E-mail : ugur.cicekverdi@vimpo.com • Web : www.vimpo.com.tr

Sheet TRIU052057-7
A1: #VALUE! | D1: PACKING LIST ÇEKİ LİSTESİ | L1: Yayın Tarihi | N1: 46098
L2: Doküman No | N2: P07-F07
L3: Revizyon Tarihi | N3: -
L4: Revizyon No | N4: 00
A5: DOCUMENT & SHIPMENT INFORMATION / BELGE VE SEVKİYAT BİLGİLERİ
A6: Order No. / Sipariş No | C6: VMP-S01064-B1 | E6: Date / Tarih | G6: 46118 | I6: Invoice No. / Fatura No | K6: IHR2026000000026 | M6: Incoterm | O6: CIF
A7: Shipper / Gönderici | C7: Vimpo Makine A.Ş. | I7: Consignee / Alıcı | K7: Africa Road for Asphalt and Petroleum Insulation Industries
A8: Notify Party / İhbar | C8: Africa Road for Asphalt and Petroleum Insulation Industries | I8: Country of Origin | K8: Türkiye | M8: Final Destination | O8: Bingazi Port
A9: Port of Loading | C9: Limak Port İskenderun | E9: Port of Discharge | G9: Bingazi Port | I9: Vessel / Flight | K9: CMA CGM NANSHA / 0NVLPN1MA | M9: ETD / ETA | O9: 46153
A10: Container / Vehicle No. | C10: TRIU052057-7 | E10: B/L - AWB No. | I10: PO / Contract No. | M10: Currency | O10: EUR
A11: ASM2026000000538
A12: Item No | B12: Case / Crate No | C12: Part No. / Model | D12: Description of Goods | E12: HS Code | F12: COO | G12: Qty | H12: UOM | I12: Package Type | J12: L (cm) | K12: W (cm) | L12: H (cm) | M12: Net Wt (kg) | N12: Gross Wt (kg) | O12: Volume (m³)
A13: 1 | C13: 2613H30028 | D13: St37 Steel Sheet 6x1500x6900 mm | E13: 7208.40.00.10.19 | F13: Türkiye | G13: 11 | H13: Pcs | I13: Bundle | J13: 6900 | K13: 1500 | L13: 6 | M13: 5430 | O13: =IF(COUNTA(J13:L13)=3,J13*K13*L13/1000000,"") -> 62.1
A14: 2 | C14: 2611H30324 | D14: St37 Steel Sheet 12x1500x8000 mm | E14: 7208.51.20.90.19 | F14: Türkiye | G14: 6 | H14: Pcs | I14: Bundle | J14: 8000 | K14: 1500 | L14: 12 | M14: 6840 | O14: =IF(COUNTA(J14:L14)=3,J14*K14*L14/1000000,"") -> 144
A15: 3 | C15: 2613H30108 | D15: St37 Steel Sheet 12x1500x8000 mm | E15: 7208.51.20.90.19 | F15: Türkiye | G15: 4 | H15: Pcs | I15: Bundle | J15: 8000 | K15: 1500 | L15: 12 | M15: 4570 | O15: =IF(COUNTA(J15:L15)=3,J15*K15*L15/1000000,"") -> 144
A16: 4 | C16: 2613H30109 | D16: St37 Steel Sheet 12x1500x8000 mm | E16: 7208.51.20.90.19 | F16: Türkiye | G16: 3 | H16: Pcs | I16: Bundle | J16: 8000 | K16: 1500 | L16: 12 | M16: 3430 | O16: =IF(COUNTA(J16:L16)=3,J16*K16*L16/1000000,"") -> 144
A17: 5 | C17: 2613H30110 | D17: St37 Steel Sheet 12x1500x6900 mm | E17: 7208.51.20.90.19 | F17: Türkiye | G17: 5 | H17: Pcs | I17: Bundle | J17: 6900 | K17: 1500 | L17: 12 | M17: 4940 | O17: =IF(COUNTA(J17:L17)=3,J17*K17*L17/1000000,"") -> 124.2
A18: 6 | O18: =IF(COUNTA(J18:L18)=3,J18*K18*L18/1000000,"")
A19: 7 | O19: =IF(COUNTA(J19:L19)=3,J19*K19*L19/1000000,"")
A20: 8 | O20: =IF(COUNTA(J20:L20)=3,J20*K20*L20/1000000,"")
A21: 9 | O21: =IF(COUNTA(J21:L21)=3,J21*K21*L21/1000000,"")
A22: 10 | O22: =IF(COUNTA(J22:L22)=3,J22*K22*L22/1000000,"")
A23: TOTAL / TOPLAM | G23: =SUM(G13:G22) -> 29 | M23: =SUM(M13:M22) -> 25210 | N23: =SUM(N13:N22) -> 0 | O23: =SUM(O13:O22) -> 618.3
A25: Total Packages | C25: =COUNTA(B13:B22) -> 0 | D25: Total Qty | F25: =SUM(G13:G22) -> 29 | G25: Total Net Wt (kg) | I25: =SUM(M13:M22) -> 25210 | J25: Total Gross Wt (kg) | L25: =SUM(N13:N22) -> 0 | M25: Total Volume (m³) | O25: =SUM(O13:O22) -> 618.3
A27: PACKAGING DECLARATION / AMBALAJ BEYANI
A28: All goods are packed suitably for export shipment, loading/unloading and inland transportation unless otherwise stated above. Yukarıda aksi belirtilmedikçe tüm mallar ihracat sevkiyatına, yükleme/boşaltmaya ve iç nakliyeye uygun şekilde ambalajlanmıştır.
A31: APPROVAL / ONAY
A33: Prepared By | D33: Date | G33: Checked By | J33: Approved By | M33: Receiver / Carrier
A37: Vimpo Makine A.Ş.
A38: Adres / Address : Malıköy Anadolu OSB Mahallesi 12. Cadde No:8 06909 Sincan/Ankara/Türkiye Telefon / Phone : +90 312 354 8509 • E-posta / E-mail : ugur.cicekverdi@vimpo.com • Web : www.vimpo.com.tr

Sheet TCLU714897-6
A1: #VALUE! | D1: PACKING LIST ÇEKİ LİSTESİ | L1: Yayın Tarihi | N1: 46098
L2: Doküman No | N2: P07-F07
L3: Revizyon Tarihi | N3: -
L4: Revizyon No | N4: 00
A5: DOCUMENT & SHIPMENT INFORMATION / BELGE VE SEVKİYAT BİLGİLERİ
A6: Order No. / Sipariş No | C6: VMP-S01064-B1 | E6: Date / Tarih | G6: 46118 | I6: Invoice No. / Fatura No | K6: IHR2026000000026 | M6: Incoterm | O6: CIF
A7: Shipper / Gönderici | C7: Vimpo Makine A.Ş. | I7: Consignee / Alıcı | K7: Africa Road for Asphalt and Petroleum Insulation Industries
A8: Notify Party / İhbar | C8: Africa Road for Asphalt and Petroleum Insulation Industries | I8: Country of Origin | K8: Türkiye | M8: Final Destination | O8: Bingazi Port
A9: Port of Loading | C9: Limak Port İskenderun | E9: Port of Discharge | G9: Bingazi Port | I9: Vessel / Flight | K9: CMA CGM NANSHA / 0NVLPN1MA | M9: ETD / ETA | O9: 46153
A10: Container / Vehicle No. | C10: TCLU714897-6 | E10: B/L - AWB No. | I10: PO / Contract No. | M10: Currency | O10: EUR
A11: (ASM2026000000542)
A12: Item No | B12: Case / Crate No | C12: Part No. / Model | D12: Description of Goods | E12: HS Code | F12: COO | G12: Qty | H12: UOM | I12: Package Type | J12: L (cm) | K12: W (cm) | L12: H (cm) | M12: Net Wt (kg) | N12: Gross Wt (kg) | O12: Volume (m³)
A13: 1 | C13: 2611H30237 | D13: St37 Steel Sheet 8x1500x6900 mm | E13: 7208.40.00.10.19 | F13: Türkiye | G13: 8 | H13: Pcs | I13: Bundle | J13: 6900 | K13: 1500 | L13: 8 | M13: 5210 | O13: =IF(COUNTA(J13:L13)=3,J13*K13*L13/1000000,"") -> 82.8
A14: 2 | C14: 2611H30256 | D14: St37 Steel Sheet 8x1500x6900 mm | E14: 7208.40.00.10.19 | F14: Türkiye | G14: 8 | H14: Pcs | I14: Bundle | J14: 6900 | K14: 1500 | L14: 8 | M14: 5210 | O14: =IF(COUNTA(J14:L14)=3,J14*K14*L14/1000000,"") -> 82.8
A15: 3 | C15: 2611H30261 | D15: St37 Steel Sheet 10x1500x6900 mm | E15: 7208.40.00.10.19 | F15: Türkiye | G15: 6 | H15: Pcs | I15: Bundle | J15: 6900 | K15: 1500 | L15: 10 | M15: 4885 | O15: =IF(COUNTA(J15:L15)=3,J15*K15*L15/1000000,"") -> 103.5
A16: 4 | C16: 2611H30267 | D16: St37 Steel Sheet 10x1500x6900 mm | E16: 7208.40.00.10.19 | F16: Türkiye | G16: 6 | H16: Pcs | I16: Bundle | J16: 6900 | K16: 1500 | L16: 10 | M16: 4885 | O16: =IF(COUNTA(J16:L16)=3,J16*K16*L16/1000000,"") -> 103.5
A17: 5 | C17: 2611H30268 | D17: St37 Steel Sheet 10x1500x6900 mm | E17: 7208.40.00.10.19 | F17: Türkiye | G17: 6 | H17: Pcs | I17: Bundle | J17: 6900 | K17: 1500 | L17: 10 | M17: 4890 | O17: =IF(COUNTA(J17:L17)=3,J17*K17*L17/1000000,"") -> 103.5
A18: 6 | O18: =IF(COUNTA(J18:L18)=3,J18*K18*L18/1000000,"")
A19: 7 | O19: =IF(COUNTA(J19:L19)=3,J19*K19*L19/1000000,"")
A20: 8 | O20: =IF(COUNTA(J20:L20)=3,J20*K20*L20/1000000,"")
A21: 9 | O21: =IF(COUNTA(J21:L21)=3,J21*K21*L21/1000000,"")
A22: 10 | O22: =IF(COUNTA(J22:L22)=3,J22*K22*L22/1000000,"")
A23: TOTAL / TOPLAM | G23: =SUM(G13:G22) -> 34 | M23: =SUM(M13:M22) -> 25080 | N23: =SUM(N13:N22) -> 0 | O23: =SUM(O13:O22) -> 476.1
A25: Total Packages | C25: =COUNTA(B13:B22) -> 0 | D25: Total Qty | F25: =SUM(G13:G22) -> 34 | G25: Total Net Wt (kg) | I25: =SUM(M13:M22) -> 25080 | J25: Total Gross Wt (kg) | L25: =SUM(N13:N22) -> 0 | M25: Total Volume (m³) | O25: =SUM(O13:O22) -> 476.1
A27: PACKAGING DECLARATION / AMBALAJ BEYANI
A28: All goods are packed suitably for export shipment, loading/unloading and inland transportation unless otherwise stated above. Yukarıda aksi belirtilmedikçe tüm mallar ihracat sevkiyatına, yükleme/boşaltmaya ve iç nakliyeye uygun şekilde ambalajlanmıştır.
A31: APPROVAL / ONAY
A33: Prepared By | D33: Date | G33: Checked By | J33: Approved By | M33: Receiver / Carrier
A37: Vimpo Makine A.Ş.
A38: Adres / Address : Malıköy Anadolu OSB Mahallesi 12. Cadde No:8 06909 Sincan/Ankara/Türkiye Telefon / Phone : +90 312 354 8509 • E-posta / E-mail : ugur.cicekverdi@vimpo.com • Web : www.vimpo.com.tr

Sheet TCLU706964-5
A1: #VALUE! | D1: PACKING LIST ÇEKİ LİSTESİ | L1: Yayın Tarihi | N1: 46098
L2: Doküman No | N2: P07-F07
L3: Revizyon Tarihi | N3: -
L4: Revizyon No | N4: 00
A5: DOCUMENT & SHIPMENT INFORMATION / BELGE VE SEVKİYAT BİLGİLERİ
A6: Order No. / Sipariş No | C6: VMP-S01064-B1 | E6: Date / Tarih | G6: 46118 | I6: Invoice No. / Fatura No | K6: IHR2026000000026 | M6: Incoterm | O6: CIF
A7: Shipper / Gönderici | C7: Vimpo Makine A.Ş. | I7: Consignee / Alıcı | K7: Africa Road for Asphalt and Petroleum Insulation Industries
A8: Notify Party / İhbar | C8: Africa Road for Asphalt and Petroleum Insulation Industries | I8: Country of Origin | K8: Türkiye | M8: Final Destination | O8: Bingazi Port
A9: Port of Loading | C9: Limak Port İskenderun | E9: Port of Discharge | G9: Bingazi Port | I9: Vessel / Flight | K9: CMA CGM NANSHA / 0NVLPN1MA | M9: ETD / ETA | O9: 46153
A10: Container / Vehicle No. | C10: TCLU706964-5 | E10: B/L - AWB No. | I10: PO / Contract No. | M10: Currency | O10: EUR
A11: (ASM2026000000546)
A12: Item No | B12: Case / Crate No | C12: Part No. / Model | D12: Description of Goods | E12: HS Code | F12: COO | G12: Qty | H12: UOM | I12: Package Type | J12: L (cm) | K12: W (cm) | L12: H (cm) | M12: Net Wt (kg) | N12: Gross Wt (kg) | O12: Volume (m³)
A13: 1 | C13: 2613H40010 | D13: St37 Steel Sheet 3x1500x8000 mm | E13: 7208.40.00.10.19 | F13: Türkiye | G13: 17 | H13: Pcs | I13: Bundle | J13: 8000 | K13: 1500 | L13: 3 | M13: 4753
A14: 2 | C14: 2611H30271 | D14: St37 Steel Sheet 10x1500x6900 mm | E14: 7208.40.00.10.19 | F14: Türkiye | G14: 5 | H14: Pcs | I14: Bundle | J14: 6900 | K14: 1500 | L14: 10 | M14: 4075
A15: 3 | C15: 2611H30312 | D15: St37 Steel Sheet 12x1500x6900 mm | E15: 7208.51.20.90.19 | F15: Türkiye | G15: 5 | H15: Pcs | I15: Bundle | J15: 6900 | K15: 1500 | L15: 12 | M15: 4900
A16: 4 | C16: 2611H30321 | D16: St37 Steel Sheet 12x1500x8000 mm | E16: 7208.51.20.90.19 | F16: Türkiye | G16: 5 | H16: Pcs | I16: Bundle | J16: 8000 | K16: 1500 | L16: 12 | M16: 5676
A17: 5 | C17: 2611H30322 | D17: St37 Steel Sheet 12x1500x8000 mm | E17: 7208.51.20.90.19 | F17: Türkiye | G17: 5 | H17: Pcs | I17: Bundle | J17: 8000 | K17: 1500 | L17: 12 | M17: 5676
A18: 6
A19: 7 | O19: =IF(COUNTA(J19:L19)=3,J19*K19*L19/1000000,"")
A20: 8 | O20: =IF(COUNTA(J20:L20)=3,J20*K20*L20/1000000,"")
A21: 9 | O21: =IF(COUNTA(J21:L21)=3,J21*K21*L21/1000000,"")
A22: 10 | O22: =IF(COUNTA(J22:L22)=3,J22*K22*L22/1000000,"")
A23: TOTAL / TOPLAM | G23: =SUM(G13:G22) -> 37 | M23: =SUM(M13:M22) -> 25080 | N23: =SUM(N13:N22) -> 0 | O23: =SUM(O13:O22) -> 0
A25: Total Packages | C25: =COUNTA(B13:B22) -> 0 | D25: Total Qty | F25: =SUM(G13:G22) -> 37 | G25: Total Net Wt (kg) | I25: =SUM(M13:M22) -> 25080 | J25: Total Gross Wt (kg) | L25: =SUM(N13:N22) -> 0 | M25: Total Volume (m³) | O25: =SUM(O13:O22) -> 0
A27: PACKAGING DECLARATION / AMBALAJ BEYANI
A28: All goods are packed suitably for export shipment, loading/unloading and inland transportation unless otherwise stated above. Yukarıda aksi belirtilmedikçe tüm mallar ihracat sevkiyatına, yükleme/boşaltmaya ve iç nakliyeye uygun şekilde ambalajlanmıştır.
A31: APPROVAL / ONAY
A33: Prepared By | D33: Date | G33: Checked By | J33: Approved By | M33: Receiver / Carrier
A37: Vimpo Makine A.Ş.
A38: Adres / Address : Malıköy Anadolu OSB Mahallesi 12. Cadde No:8 06909 Sincan/Ankara/Türkiye Telefon / Phone : +90 312 354 8509 • E-posta / E-mail : ugur.cicekverdi@vimpo.com • Web : www.vimpo.com.tr

Sheet TCLU715830-0
A1: #VALUE! | D1: PACKING LIST ÇEKİ LİSTESİ | L1: Yayın Tarihi | N1: 46098
L2: Doküman No | N2: P07-F07
L3: Revizyon Tarihi | N3: -
L4: Revizyon No | N4: 00
A5: DOCUMENT & SHIPMENT INFORMATION / BELGE VE SEVKİYAT BİLGİLERİ
A6: Order No. / Sipariş No | C6: VMP-S01064-B1 | E6: Date / Tarih | G6: 46118 | I6: Invoice No. / Fatura No | K6: IHR2026000000026 | M6: Incoterm | O6: CIF
A7: Shipper / Gönderici | C7: Vimpo Makine A.Ş. | I7: Consignee / Alıcı | K7: Africa Road for Asphalt and Petroleum Insulation Industries
A8: Notify Party / İhbar | C8: Africa Road for Asphalt and Petroleum Insulation Industries | I8: Country of Origin | K8: Türkiye | M8: Final Destination | O8: Bingazi Port
A9: Port of Loading | C9: Limak Port İskenderun | E9: Port of Discharge | G9: Bingazi Port | I9: Vessel / Flight | K9: CMA CGM NANSHA / 0NVLPN1MA | M9: ETD / ETA | O9: 46153
A10: Container / Vehicle No. | C10: TCLU715830-0 | E10: B/L - AWB No. | I10: PO / Contract No. | M10: Currency | O10: EUR
A11: (ASM2026000000545)
A12: Item No | B12: Case / Crate No | C12: Part No. / Model | D12: Description of Goods | E12: HS Code | F12: COO | G12: Qty | H12: UOM | I12: Package Type | J12: L (cm) | K12: W (cm) | L12: H (cm) | M12: Net Wt (kg) | N12: Gross Wt (kg) | O12: Volume (m³)
A13: 1 | C13: 2612H30044 | D13: St37 Steel Sheet 6x1500x6000 mm | E13: 7208.40.00.10.19 | F13: Türkiye | G13: 12 | H13: Pcs | I13: Bundle | J13: 6000 | K13: 1500 | L13: 6 | M13: 5145
A14: 2 | C14: 2611H30273 | D14: St37 Steel Sheet 10x1500x6900 mm | E14: 7208.40.00.10.19 | F14: Türkiye | G14: 6 | H14: Pcs | I14: Bundle | J14: 6900 | K14: 1500 | L14: 10 | M14: 4898
A15: 3 | C15: 2611H30296 | D15: St37 Steel Sheet 12x1500x8000 mm | E15: 7208.51.20.90.19 | F15: Türkiye | G15: 4 | H15: Pcs | I15: Bundle | J15: 8000 | K15: 1500 | L15: 12 | M15: 4560
A16: 4 | C16: 2611H30299 | D16: St37 Steel Sheet 12x1500x8000 mm | E16: 7208.51.20.90.19 | F16: Türkiye | G16: 5 | H16: Pcs | I16: Bundle | J16: 8000 | K16: 1500 | L16: 12 | M16: 5671
A17: 5 | C17: 2611H30319 | D17: St37 Steel Sheet 12x1500x6900 mm | E17: 7208.51.20.90.19 | F17: Türkiye | G17: 5 | H17: Pcs | I17: Bundle | J17: 6900 | K17: 1500 | L17: 12 | M17: 4886
A18: 6
A19: 7 | O19: =IF(COUNTA(J19:L19)=3,J19*K19*L19/1000000,"")
A20: 8 | O20: =IF(COUNTA(J20:L20)=3,J20*K20*L20/1000000,"")
A21: 9 | O21: =IF(COUNTA(J21:L21)=3,J21*K21*L21/1000000,"")
A22: 10 | O22: =IF(COUNTA(J22:L22)=3,J22*K22*L22/1000000,"")
A23: TOTAL / TOPLAM | G23: =SUM(G13:G22) -> 32 | M23: =SUM(M13:M22) -> 25160 | N23: =SUM(N13:N22) -> 0 | O23: =SUM(O13:O22) -> 0
A25: Total Packages | C25: =COUNTA(B13:B22) -> 0 | D25: Total Qty | F25: =SUM(G13:G22) -> 32 | G25: Total Net Wt (kg) | I25: =SUM(M13:M22) -> 25160 | J25: Total Gross Wt (kg) | L25: =SUM(N13:N22) -> 0 | M25: Total Volume (m³) | O25: =SUM(O13:O22) -> 0
A27: PACKAGING DECLARATION / AMBALAJ BEYANI
A28: All goods are packed suitably for export shipment, loading/unloading and inland transportation unless otherwise stated above. Yukarıda aksi belirtilmedikçe tüm mallar ihracat sevkiyatına, yükleme/boşaltmaya ve iç nakliyeye uygun şekilde ambalajlanmıştır.
A31: APPROVAL / ONAY
A33: Prepared By | D33: Date | G33: Checked By | J33: Approved By | M33: Receiver / Carrier
A37: Vimpo Makine A.Ş.
A38: Adres / Address : Malıköy Anadolu OSB Mahallesi 12. Cadde No:8 06909 Sincan/Ankara/Türkiye Telefon / Phone : +90 312 354 8509 • E-posta / E-mail : ugur.cicekverdi@vimpo.com • Web : www.vimpo.com.tr

Sheet TRIU053641-8
A1: #VALUE! | D1: PACKING LIST ÇEKİ LİSTESİ | L1: Yayın Tarihi | N1: 46098
L2: Doküman No | N2: P07-F07
L3: Revizyon Tarihi | N3: -
L4: Revizyon No | N4: 00
A5: DOCUMENT & SHIPMENT INFORMATION / BELGE VE SEVKİYAT BİLGİLERİ
A6: Order No. / Sipariş No | C6: VMP-S01064-B1 | E6: Date / Tarih | G6: 46118 | I6: Invoice No. / Fatura No | K6: IHR2026000000026 | M6: Incoterm | O6: CIF
A7: Shipper / Gönderici | C7: Vimpo Makine A.Ş. | I7: Consignee / Alıcı | K7: Africa Road for Asphalt and Petroleum Insulation Industries
A8: Notify Party / İhbar | C8: Africa Road for Asphalt and Petroleum Insulation Industries | I8: Country of Origin | K8: Türkiye | M8: Final Destination | O8: Bingazi Port
A9: Port of Loading | C9: Limak Port İskenderun | E9: Port of Discharge | G9: Bingazi Port | I9: Vessel / Flight | K9: CMA CGM NANSHA / 0NVLPN1MA | M9: ETD / ETA | O9: 46153
A10: Container / Vehicle No. | C10: TRIU053641-8 | E10: B/L - AWB No. | I10: PO / Contract No. | M10: Currency | O10: EUR
A11: (ASM2026000000548)
A12: Item No | B12: Case / Crate No | C12: Part No. / Model | D12: Description of Goods | E12: HS Code | F12: COO | G12: Qty | H12: UOM | I12: Package Type | J12: L (cm) | K12: W (cm) | L12: H (cm) | M12: Net Wt (kg) | N12: Gross Wt (kg) | O12: Volume (m³)
A13: 1 | C13: 2613H40009 | D13: St37 Steel Sheet 3x1500x8000 mm | E13: 7208.40.00.10.19 | F13: Türkiye | G13: 17 | H13: Pcs | I13: Bundle | J13: 8000 | K13: 1500 | L13: 3 | M13: 4763
A14: 2 | C14: 2611H30263 | D14: St37 Steel Sheet 10x1500x6900 mm | E14: 7208.40.00.10.19 | F14: Türkiye | G14: 6 | H14: Pcs | I14: Bundle | J14: 6900 | K14: 1500 | L14: 10 | M14: 4895
A15: 3 | C15: 2611H30264 | D15: St37 Steel Sheet 10x1500x6900 mm | E15: 7208.40.00.10.19 | F15: Türkiye | G15: 6 | H15: Pcs | I15: Bundle | J15: 6900 | K15: 1500 | L15: 10 | M15: 4895
A16: 4 | C16: 2611H30269 | D16: St37 Steel Sheet 10x1500x6900 mm | E16: 7208.40.00.10.19 | F16: Türkiye | G16: 6 | H16: Pcs | I16: Bundle | J16: 6900 | K16: 1500 | L16: 10 | M16: 4890
A17: 5 | C17: 2611H30325 | D17: St37 Steel Sheet 12x1500x8000 mm | E17: 7208.51.20.90.19 | F17: Türkiye | G17: 5 | H17: Pcs | I17: Bundle | J17: 8000 | K17: 1500 | L17: 12 | M17: 5687
A18: 6
A19: 7 | O19: =IF(COUNTA(J19:L19)=3,J19*K19*L19/1000000,"")
A20: 8 | O20: =IF(COUNTA(J20:L20)=3,J20*K20*L20/1000000,"")
A21: 9 | O21: =IF(COUNTA(J21:L21)=3,J21*K21*L21/1000000,"")
A22: 10 | O22: =IF(COUNTA(J22:L22)=3,J22*K22*L22/1000000,"")
A23: TOTAL / TOPLAM | G23: =SUM(G13:G22) -> 40 | M23: =SUM(M13:M22) -> 25130 | N23: =SUM(N13:N22) -> 0 | O23: =SUM(O13:O22) -> 0
A25: Total Packages | C25: =COUNTA(B13:B22) -> 0 | D25: Total Qty | F25: =SUM(G13:G22) -> 40 | G25: Total Net Wt (kg) | I25: =SUM(M13:M22) -> 25130 | J25: Total Gross Wt (kg) | L25: =SUM(N13:N22) -> 0 | M25: Total Volume (m³) | O25: =SUM(O13:O22) -> 0
A27: PACKAGING DECLARATION / AMBALAJ BEYANI
A28: All goods are packed suitably for export shipment, loading/unloading and inland transportation unless otherwise stated above. Yukarıda aksi belirtilmedikçe tüm mallar ihracat sevkiyatına, yükleme/boşaltmaya ve iç nakliyeye uygun şekilde ambalajlanmıştır.
A31: APPROVAL / ONAY
A33: Prepared By | D33: Date | G33: Checked By | J33: Approved By | M33: Receiver / Carrier
A37: Vimpo Makine A.Ş.
A38: Adres / Address : Malıköy Anadolu OSB Mahallesi 12. Cadde No:8 06909 Sincan/Ankara/Türkiye Telefon / Phone : +90 312 354 8509 • E-posta / E-mail : ugur.cicekverdi@vimpo.com • Web : www.vimpo.com.tr

Sheet TEXU158527-0
A1: #VALUE! | D1: PACKING LIST ÇEKİ LİSTESİ | L1: Yayın Tarihi | N1: 46098
L2: Doküman No | N2: P07-F07
L3: Revizyon Tarihi | N3: -
L4: Revizyon No | N4: 00
A5: DOCUMENT & SHIPMENT INFORMATION / BELGE VE SEVKİYAT BİLGİLERİ
A6: Order No. / Sipariş No | C6: VMP-S01064-B1 | E6: Date / Tarih | G6: 46118 | I6: Invoice No. / Fatura No | K6: IHR2026000000026 | M6: Incoterm | O6: CIF
A7: Shipper / Gönderici | C7: Vimpo Makine A.Ş. | I7: Consignee / Alıcı | K7: Africa Road for Asphalt and Petroleum Insulation Industries
A8: Notify Party / İhbar | C8: Africa Road for Asphalt and Petroleum Insulation Industries | I8: Country of Origin | K8: Türkiye | M8: Final Destination | O8: Bingazi Port
A9: Port of Loading | C9: Limak Port İskenderun | E9: Port of Discharge | G9: Bingazi Port | I9: Vessel / Flight | K9: CMA CGM NANSHA / 0NVLPN1MA | M9: ETD / ETA | O9: 46153
A10: Container / Vehicle No. | C10: TEXU158527-0 | E10: B/L - AWB No. | I10: PO / Contract No. | M10: Currency | O10: EUR
A11: (ASM2026000000543)
A12: Item No | B12: Case / Crate No | C12: Part No. / Model | D12: Description of Goods | E12: HS Code | F12: COO | G12: Qty | H12: UOM | I12: Package Type | J12: L (cm) | K12: W (cm) | L12: H (cm) | M12: Net Wt (kg) | N12: Gross Wt (kg) | O12: Volume (m³)
A13: 1 | C13: 2613H40042 | D13: St37 Steel Sheet 4x1500x8000 mm | E13: 7208.40.00.10.19 | F13: Türkiye | G13: 14 | H13: Pcs | I13: Bundle | J13: 8000 | K13: 1500 | L13: 4 | M13: 5300
A14: 2 | C14: 2613H40045 | D14: St37 Steel Sheet 4x1500x8000 mm | E14: 7208.40.00.10.19 | F14: Türkiye | G14: 12 | H14: Pcs | I14: Bundle | J14: 8000 | K14: 1500 | L14: 4 | M14: 4540
A15: 3 | C15: 2611H30241 | D15: St37 Steel Sheet 8x1500x6900 mm | E15: 7208.40.00.10.19 | F15: Türkiye | G15: 8 | H15: Pcs | I15: Bundle | J15: 6900 | K15: 1500 | L15: 8 | M15: 5235
A16: 4 | C16: 2611H30246 | D16: St37 Steel Sheet 8x1500x6900 mm | E16: 7208.40.00.10.19 | F16: Türkiye | G16: 8 | H16: Pcs | I16: Bundle | J16: 6900 | K16: 1500 | L16: 8 | M16: 5235
A17: 5 | C17: 2613H30104 | D17: St37 Steel Sheet 12x1500x6900 mm | E17: 7208.51.20.90.19 | F17: Türkiye | G17: 5 | H17: Pcs | I17: Bundle | J17: 6900 | K17: 1500 | L17: 12 | M17: 4920
A18: 6
A19: 7 | O19: =IF(COUNTA(J19:L19)=3,J19*K19*L19/1000000,"")
A20: 8 | O20: =IF(COUNTA(J20:L20)=3,J20*K20*L20/1000000,"")
A21: 9 | O21: =IF(COUNTA(J21:L21)=3,J21*K21*L21/1000000,"")
A22: 10 | O22: =IF(COUNTA(J22:L22)=3,J22*K22*L22/1000000,"")
A23: TOTAL / TOPLAM | G23: =SUM(G13:G22) -> 47 | M23: =SUM(M13:M22) -> 25230 | N23: =SUM(N13:N22) -> 0 | O23: =SUM(O13:O22) -> 0
A25: Total Packages | C25: =COUNTA(B13:B22) -> 0 | D25: Total Qty | F25: =SUM(G13:G22) -> 47 | G25: Total Net Wt (kg) | I25: =SUM(M13:M22) -> 25230 | J25: Total Gross Wt (kg) | L25: =SUM(N13:N22) -> 0 | M25: Total Volume (m³) | O25: =SUM(O13:O22) -> 0
A27: PACKAGING DECLARATION / AMBALAJ BEYANI
A28: All goods are packed suitably for export shipment, loading/unloading and inland transportation unless otherwise stated above. Yukarıda aksi belirtilmedikçe tüm mallar ihracat sevkiyatına, yükleme/boşaltmaya ve iç nakliyeye uygun şekilde ambalajlanmıştır.
A31: APPROVAL / ONAY
A33: Prepared By | D33: Date | G33: Checked By | J33: Approved By | M33: Receiver / Carrier
A37: Vimpo Makine A.Ş.
A38: Adres / Address : Malıköy Anadolu OSB Mahallesi 12. Cadde No:8 06909 Sincan/Ankara/Türkiye Telefon / Phone : +90 312 354 8509 • E-posta / E-mail : ugur.cicekverdi@vimpo.com • Web : www.vimpo.com.tr

Sheet TRIU056682-9
A1: #VALUE! | D1: PACKING LIST ÇEKİ LİSTESİ | L1: Yayın Tarihi | N1: 46098
L2: Doküman No | N2: P07-F07
L3: Revizyon Tarihi | N3: -
L4: Revizyon No | N4: 00
A5: DOCUMENT & SHIPMENT INFORMATION / BELGE VE SEVKİYAT BİLGİLERİ
A6: Order No. / Sipariş No | C6: VMP-S01064-B1 | E6: Date / Tarih | G6: 46118 | I6: Invoice No. / Fatura No | K6: IHR2026000000026 | M6: Incoterm | O6: CIF
A7: Shipper / Gönderici | C7: Vimpo Makine A.Ş. | I7: Consignee / Alıcı | K7: Africa Road for Asphalt and Petroleum Insulation Industries
A8: Notify Party / İhbar | C8: Africa Road for Asphalt and Petroleum Insulation Industries | I8: Country of Origin | K8: Türkiye | M8: Final Destination | O8: Bingazi Port
A9: Port of Loading | C9: Limak Port İskenderun | E9: Port of Discharge | G9: Bingazi Port | I9: Vessel / Flight | K9: CMA CGM NANSHA / 0NVLPN1MA | M9: ETD / ETA | O9: 46153
A10: Container / Vehicle No. | C10: TRIU056682-9 | E10: B/L - AWB No. | I10: PO / Contract No. | M10: Currency | O10: EUR
A11: (ASM2026000000549)
A12: Item No | B12: Case / Crate No | C12: Part No. / Model | D12: Description of Goods | E12: HS Code | F12: COO | G12: Qty | H12: UOM | I12: Package Type | J12: L (cm) | K12: W (cm) | L12: H (cm) | M12: Net Wt (kg) | N12: Gross Wt (kg) | O12: Volume (m³)
A13: 1 | C13: 2613H40043 | D13: St37 Steel Sheet 4x1500x8000 mm | E13: 7208.40.00.10.19 | F13: Türkiye | G13: 14 | H13: Pcs | I13: Bundle | J13: 8000 | K13: 1500 | L13: 4 | M13: 5281
A14: 2 | C14: 2611H30248 | D14: St37 Steel Sheet 8x1500x6900 mm | E14: 7208.40.00.10.19 | F14: Türkiye | G14: 8 | H14: Pcs | I14: Bundle | J14: 6900 | K14: 1500 | L14: 8 | M14: 5209
A15: 3 | C15: 2611H30262 | D15: St37 Steel Sheet 10x1500x6900 mm | E15: 7208.40.00.10.19 | F15: Türkiye | G15: 6 | H15: Pcs | I15: Bundle | J15: 6900 | K15: 1500 | L15: 10 | M15: 4482
A16: 4 | C16: 2611H30265 | D16: St37 Steel Sheet 10x1500x6900 mm | E16: 7208.40.00.10.19 | F16: Türkiye | G16: 5 | H16: Pcs | I16: Bundle | J16: 6900 | K16: 1500 | L16: 10 | M16: 4481
A17: 5 | C17: 2611H30294 | D17: St37 Steel Sheet 12x1500x8000 mm | E17: 7208.51.20.90.19 | F17: Türkiye | G17: 5 | H17: Pcs | I17: Bundle | J17: 8000 | K17: 1500 | L17: 12 | M17: 5677
A18: 6
A19: 7 | O19: =IF(COUNTA(J19:L19)=3,J19*K19*L19/1000000,"")
A20: 8 | O20: =IF(COUNTA(J20:L20)=3,J20*K20*L20/1000000,"")
A21: 9 | O21: =IF(COUNTA(J21:L21)=3,J21*K21*L21/1000000,"")
A22: 10 | O22: =IF(COUNTA(J22:L22)=3,J22*K22*L22/1000000,"")
A23: TOTAL / TOPLAM | G23: =SUM(G13:G22) -> 38 | M23: =SUM(M13:M22) -> 25130 | N23: =SUM(N13:N22) -> 0 | O23: =SUM(O13:O22) -> 0
A25: Total Packages | C25: =COUNTA(B13:B22) -> 0 | D25: Total Qty | F25: =SUM(G13:G22) -> 38 | G25: Total Net Wt (kg) | I25: =SUM(M13:M22) -> 25130 | J25: Total Gross Wt (kg) | L25: =SUM(N13:N22) -> 0 | M25: Total Volume (m³) | O25: =SUM(O13:O22) -> 0
A27: PACKAGING DECLARATION / AMBALAJ BEYANI
A28: All goods are packed suitably for export shipment, loading/unloading and inland transportation unless otherwise stated above. Yukarıda aksi belirtilmedikçe tüm mallar ihracat sevkiyatına, yükleme/boşaltmaya ve iç nakliyeye uygun şekilde ambalajlanmıştır.
A31: APPROVAL / ONAY
A33: Prepared By | D33: Date | G33: Checked By | J33: Approved By | M33: Receiver / Carrier
A37: Vimpo Makine A.Ş.
A38: Adres / Address : Malıköy Anadolu OSB Mahallesi 12. Cadde No:8 06909 Sincan/Ankara/Türkiye Telefon / Phone : +90 312 354 8509 • E-posta / E-mail : ugur.cicekverdi@vimpo.com • Web : www.vimpo.com.tr

Sheet TCLU716779-1
A1: #VALUE! | D1: PACKING LIST ÇEKİ LİSTESİ | L1: Yayın Tarihi | N1: 46098
L2: Doküman No | N2: P07-F07
L3: Revizyon Tarihi | N3: -
L4: Revizyon No | N4: 00
A5: DOCUMENT & SHIPMENT INFORMATION / BELGE VE SEVKİYAT BİLGİLERİ
A6: Order No. / Sipariş No | C6: VMP-S01064-B1 | E6: Date / Tarih | G6: 46118 | I6: Invoice No. / Fatura No | K6: IHR2026000000026 | M6: Incoterm | O6: CIF
A7: Shipper / Gönderici | C7: Vimpo Makine A.Ş. | I7: Consignee / Alıcı | K7: Africa Road for Asphalt and Petroleum Insulation Industries
A8: Notify Party / İhbar | C8: Africa Road for Asphalt and Petroleum Insulation Industries | I8: Country of Origin | K8: Türkiye | M8: Final Destination | O8: Bingazi Port
A9: Port of Loading | C9: Limak Port İskenderun | E9: Port of Discharge | G9: Bingazi Port | I9: Vessel / Flight | K9: CMA CGM NANSHA / 0NVLPN1MA | M9: ETD / ETA | O9: 46153
A10: Container / Vehicle No. | C10: TCLU716779-1 | E10: B/L - AWB No. | I10: PO / Contract No. | M10: Currency | O10: EUR
A11: (ASM2026000000547)
A12: Item No | B12: Case / Crate No | C12: Part No. / Model | D12: Description of Goods | E12: HS Code | F12: COO | G12: Qty | H12: UOM | I12: Package Type | J12: L (cm) | K12: W (cm) | L12: H (cm) | M12: Net Wt (kg) | N12: Gross Wt (kg) | O12: Volume (m³)
A13: 1 | C13: 2613H40002 | D13: St37 Steel Sheet 3x1500x8000 mm | E13: 7208.40.00.10.19 | F13: Türkiye | G13: 17 | H13: Pcs | I13: Bundle | J13: 8000 | K13: 1500 | L13: 3 | M13: 4773
A14: 2 | C14: 2611H30252 | D14: St37 Steel Sheet 8x1500x6900 mm | E14: 7208.40.00.10.19 | F14: Türkiye | G14: 8 | H14: Pcs | I14: Bundle | J14: 6900 | K14: 1500 | L14: 8 | M14: 5209
A15: 3 | C15: 2611H30315 | D15: St37 Steel Sheet 12x1500x6900 mm | E15: 7208.51.20.90.19 | F15: Türkiye | G15: 5 | H15: Pcs | I15: Bundle | J15: 6900 | K15: 1500 | L15: 12 | M15: 4910
A16: 4 | C16: 2611H30323 | D16: St37 Steel Sheet 12x1500x8000 mm | E16: 7208.51.20.90.19 | F16: Türkiye | G16: 5 | H16: Pcs | I16: Bundle | J16: 8000 | K16: 1500 | L16: 12 | M16: 5678
A17: 5 | C17: 2613H30102 | D17: St37 Steel Sheet 12x1500x8000 mm | E17: 7208.51.20.90.19 | F17: Türkiye | G17: 4 | H17: Pcs | I17: Bundle | J17: 8000 | K17: 1500 | L17: 12 | M17: 4560
A18: 6
A19: 7 | O19: =IF(COUNTA(J19:L19)=3,J19*K19*L19/1000000,"")
A20: 8 | O20: =IF(COUNTA(J20:L20)=3,J20*K20*L20/1000000,"")
A21: 9 | O21: =IF(COUNTA(J21:L21)=3,J21*K21*L21/1000000,"")
A22: 10 | O22: =IF(COUNTA(J22:L22)=3,J22*K22*L22/1000000,"")
A23: TOTAL / TOPLAM | G23: =SUM(G13:G22) -> 39 | M23: =SUM(M13:M22) -> 25130 | N23: =SUM(N13:N22) -> 0 | O23: =SUM(O13:O22) -> 0
A25: Total Packages | C25: =COUNTA(B13:B22) -> 0 | D25: Total Qty | F25: =SUM(G13:G22) -> 39 | G25: Total Net Wt (kg) | I25: =SUM(M13:M22) -> 25130 | J25: Total Gross Wt (kg) | L25: =SUM(N13:N22) -> 0 | M25: Total Volume (m³) | O25: =SUM(O13:O22) -> 0
A27: PACKAGING DECLARATION / AMBALAJ BEYANI
A28: All goods are packed suitably for export shipment, loading/unloading and inland transportation unless otherwise stated above. Yukarıda aksi belirtilmedikçe tüm mallar ihracat sevkiyatına, yükleme/boşaltmaya ve iç nakliyeye uygun şekilde ambalajlanmıştır.
A31: APPROVAL / ONAY
A33: Prepared By | D33: Date | G33: Checked By | J33: Approved By | M33: Receiver / Carrier
A37: Vimpo Makine A.Ş.
A38: Adres / Address : Malıköy Anadolu OSB Mahallesi 12. Cadde No:8 06909 Sincan/Ankara/Türkiye Telefon / Phone : +90 312 354 8509 • E-posta / E-mail : ugur.cicekverdi@vimpo.com • Web : www.vimpo.com.tr

Sheet TRIU056653-6
A1: #VALUE! | D1: PACKING LIST ÇEKİ LİSTESİ | L1: Yayın Tarihi | N1: 46098
L2: Doküman No | N2: P07-F07
L3: Revizyon Tarihi | N3: -
L4: Revizyon No | N4: 00
A5: DOCUMENT & SHIPMENT INFORMATION / BELGE VE SEVKİYAT BİLGİLERİ
A6: Order No. / Sipariş No | C6: VMP-S01064-B1 | E6: Date / Tarih | G6: 46118 | I6: Invoice No. / Fatura No | K6: IHR2026000000026 | M6: Incoterm | O6: CIF
A7: Shipper / Gönderici | C7: Vimpo Makine A.Ş. | I7: Consignee / Alıcı | K7: Africa Road for Asphalt and Petroleum Insulation Industries
A8: Notify Party / İhbar | C8: Africa Road for Asphalt and Petroleum Insulation Industries | I8: Country of Origin | K8: Türkiye | M8: Final Destination | O8: Bingazi Port
A9: Port of Loading | C9: Limak Port İskenderun | E9: Port of Discharge | G9: Bingazi Port | I9: Vessel / Flight | K9: CMA CGM NANSHA / 0NVLPN1MA | M9: ETD / ETA | O9: 46153
A10: Container / Vehicle No. | C10: TRIU056653-6 | E10: B/L - AWB No. | I10: PO / Contract No. | M10: Currency | O10: EUR
A11: (ASM2026000000550)
A12: Item No | B12: Case / Crate No | C12: Part No. / Model | D12: Description of Goods | E12: HS Code | F12: COO | G12: Qty | H12: UOM | I12: Package Type | J12: L (cm) | K12: W (cm) | L12: H (cm) | M12: Net Wt (kg) | N12: Gross Wt (kg) | O12: Volume (m³)
A13: 1 | C13: 2611H30243 | D13: St37 Steel Sheet 8x1500x6900 mm | E13: 7208.40.00.10.19 | F13: Türkiye | G13: 8 | H13: Pcs | I13: Bundle | J13: 6900 | K13: 1500 | L13: 8 | M13: 5200
A14: 2 | C14: 2611H30257 | D14: St37 Steel Sheet 8x1500x6900 mm | E14: 7208.40.00.10.19 | F14: Türkiye | G14: 8 | H14: Pcs | I14: Bundle | J14: 6900 | K14: 1500 | L14: 8 | M14: 5207
A15: 3 | C15: 2611H30270 | D15: St37 Steel Sheet 10x1500x6900 mm | E15: 7208.40.00.10.19 | F15: Türkiye | G15: 6 | H15: Pcs | I15: Bundle | J15: 6900 | K15: 1500 | L15: 10 | M15: 4884
A16: 4 | C16: 2611H30314 | D16: St37 Steel Sheet 12x1500x6900 mm | E16: 7208.51.20.90.19 | F16: Türkiye | G16: 5 | H16: Pcs | I16: Bundle | J16: 6900 | K16: 1500 | L16: 12 | M16: 4880
A17: 5 | C17: 2611H30318 | D17: St37 Steel Sheet 12x1500x6900 mm | E17: 7208.51.20.90.19 | F17: Türkiye | G17: 5 | H17: Pcs | I17: Bundle | J17: 6900 | K17: 1500 | L17: 12 | M17: 4879
A18: 6
A19: 7 | O19: =IF(COUNTA(J19:L19)=3,J19*K19*L19/1000000,"")
A20: 8 | O20: =IF(COUNTA(J20:L20)=3,J20*K20*L20/1000000,"")
A21: 9 | O21: =IF(COUNTA(J21:L21)=3,J21*K21*L21/1000000,"")
A22: 10 | O22: =IF(COUNTA(J22:L22)=3,J22*K22*L22/1000000,"")
A23: TOTAL / TOPLAM | G23: =SUM(G13:G22) -> 32 | M23: =SUM(M13:M22) -> 25050 | N23: =SUM(N13:N22) -> 0 | O23: =SUM(O13:O22) -> 0
A25: Total Packages | C25: =COUNTA(B13:B22) -> 0 | D25: Total Qty | F25: =SUM(G13:G22) -> 32 | G25: Total Net Wt (kg) | I25: =SUM(M13:M22) -> 25050 | J25: Total Gross Wt (kg) | L25: =SUM(N13:N22) -> 0 | M25: Total Volume (m³) | O25: =SUM(O13:O22) -> 0
A27: PACKAGING DECLARATION / AMBALAJ BEYANI
A28: All goods are packed suitably for export shipment, loading/unloading and inland transportation unless otherwise stated above. Yukarıda aksi belirtilmedikçe tüm mallar ihracat sevkiyatına, yükleme/boşaltmaya ve iç nakliyeye uygun şekilde ambalajlanmıştır.
A31: APPROVAL / ONAY
A33: Prepared By | D33: Date | G33: Checked By | J33: Approved By | M33: Receiver / Carrier
A37: Vimpo Makine A.Ş.
A38: Adres / Address : Malıköy Anadolu OSB Mahallesi 12. Cadde No:8 06909 Sincan/Ankara/Türkiye Telefon / Phone : +90 312 354 8509 • E-posta / E-mail : ugur.cicekverdi@vimpo.com • Web : www.vimpo.com.tr
