Workbook

Sheet sum
A1: Container | B1: kg | C1: pcs
A2: TCLU7139589 | B2: =TCLU7139589!M23 -> 25175 | C2: =TCLU7139589!G23 -> 32
A3: TCLU7112490 | B3: =TCLU7112490!M23 -> 25175 | C3: =TCLU7112490!G23 -> 48
A4: TEXU1581022 | B4: =TEXU1581022!M23 -> 25175 | C4: =TEXU1581022!G23 -> 48
A5: TLLU1265510 | B5: =TLLU1265510!I25 -> 25075 | C5: =TLLU1265510!F25 -> 39
A6: TRIU0520849 | B6: =TRIU0520849!I25 -> 25220 | C6: =TRIU0520849!G23 -> 61
A7: TLLU1263332 | B7: =TLLU1263332!I25 -> 25100 | C7: =TLLU1263332!F25 -> 38
A8: SEGU734199-1 | B8: ='SEGU734199-1'!I25 -> 25040 | C8: ='SEGU734199-1'!F25 -> 28
A9: TCLU700218-0 | B9: ='TCLU700218-0'!I25 -> 25220 | C9: ='TCLU700218-0'!F25 -> 59
A10: TRLU641946-0 | B10: ='TRLU641946-0'!I25 -> 25220 | C10: ='TRLU641946-0'!F25 -> 49
A11: TCLU716284-5 | B11: ='TCLU716284-5'!I25 -> 25000 | C11: ='TCLU716284-5'!F25 -> 32
A12: TCLU7063591 | B12: =TCLU7063591!I25 -> 20690 | C12: =TCLU7063591!F25 -> 21
B13: =SUM(B2:B12) -> 272090 | C13: =SUM(C2:C12) -> 455

Sheet TCLU7139589
A1: #VALUE! | D1: PACKING LIST ÇEKİ LİSTESİ | L1: Yayın Tarihi | N1: 46098
L2: Doküman No | N2: P07-F07
L3: Revizyon Tarihi | N3: -
L4: Revizyon No | N4: 00
A5: DOCUMENT & SHIPMENT INFORMATION / BELGE VE SEVKİYAT BİLGİLERİ
A6: Order No. / Sipariş No | C6: VMP-S01064-B1 | E6: Date / Tarih | G6: 46119 | I6: Invoice No. / Fatura No | K6: IHR2026000000026 | M6: Incoterm | O6: CIF
A7: Shipper / Gönderici | C7: Vimpo Makine A.Ş. | I7: Consignee / Alıcı | K7: Africa Road for Asphalt and Petroleum Insulation Industries
A8: Notify Party / İhbar | C8: Africa Road for Asphalt and Petroleum Insulation Industries | I8: Country of Origin | K8: Türkiye | M8: Final Destination | O8: Bingazi Port
A9: Port of Loading | C9: Limak Port İskenderun | E9: Port of Discharge | G9: Bingazi Port | I9: Vessel / Flight | K9: CMA CGM NANSHA / 0NVLPN1MA | M9: ETD / ETA | O9: 46153
A10: Container / Vehicle No. | C10: TCLU7139589 | E10: B/L - AWB No. | I10: PO / Contract No. | M10: Currency | O10: EUR
A11: ASM2026000000560
A12: Item No | B12: Case / Crate No | C12: Part No. / Model | D12: Description of Goods | E12: HS Code | F12: COO | G12: Qty | H12: UOM | I12: Package Type | J12: L (cm) | K12: W (cm) | L12: H (cm) | M12: Net Wt (kg) | N12: Gross Wt (kg) | O12: Volume (m³)
A13: 1 | C13: 2613H40030 | D13: St37 Steel Sheet 4x1500x8000 mm | E13: 7208.40.00.10.19 | F13: Türkiye | G13: 14 | H13: Pcs | I13: Bundle | J13: 8000 | K13: 1500 | L13: 4 | M13: 5312
A14: 2 | C14: 2611H30320 | D14: St37 Steel Sheet 12x1500x6900 mm | E14: 7208.51.20.90.19 | F14: Türkiye | G14: 4 | H14: Pcs | I14: Bundle | J14: 6900 | K14: 1500 | L14: 12 | M14: 3922
A15: 3 | C15: 2611H30328 | D15: St37 Steel Sheet 12x1500x8000 mm | E15: 7208.51.20.90.19 | F15: Türkiye | G15: 6 | H15: Pcs | I15: Bundle | J15: 8000 | K15: 1500 | L15: 12 | M15: 6861
A16: 4 | C16: 2613H30103 | D16: St37 Steel Sheet 12x1500x8000 mm | E16: 7208.51.20.90.19 | F16: Türkiye | G16: 4 | H16: Pcs | I16: Bundle | J16: 8000 | K16: 1500 | L16: 12 | M16: 4540
A17: 5 | C17: 2611H30292 | D17: St37 Steel Sheet 12x1500x8000 mm | E17: 7208.51.20.90.19 | F17: Türkiye | G17: 4 | H17: Pcs | I17: Bundle | J17: 8000 | K17: 1500 | L17: 12 | M17: 4540
A18: 6
A19: 7 | O19: =IF(COUNTA(J19:L19)=3,J19*K19*L19/1000000,"")
A20: 8 | O20: =IF(COUNTA(J20:L20)=3,J20*K20*L20/1000000,"")
A21: 9 | O21: =IF(COUNTA(J21:L21)=3,J21*K21*L21/1000000,"")
A22: 10 | O22: =IF(COUNTA(J22:L22)=3,J22*K22*L22/1000000,"")
A23: TOTAL / TOPLAM | G23: =SUM(G13:G22) -> 32 | M23: =SUM(M13:M22) -> 25175 | N23: =SUM(N13:N22) -> 0 | O23: =SUM(O13:O22) -> 0
A25: Total Packages | C25: =COUNTA(B13:B22) -> 0 | D25: Total Qty | F25: =SUM(G13:G22) -> 32 | G25: Total Net Wt (kg) | I25: =SUM(M13:M22) -> 25175 | J25: Total Gross Wt (kg) | L25: =SUM(N13:N22) -> 0 | M25: Total Volume (m³) | O25: =SUM(O13:O22) -> 0
A27: PACKAGING DECLARATION / AMBALAJ BEYANI
A28: All goods are packed suitably for export shipment, loading/unloading and inland transportation unless otherwise stated above. Yukarıda aksi belirtilmedikçe tüm mallar ihracat sevkiyatına, yükleme/boşaltmaya ve iç nakliyeye uygun şekilde ambalajlanmıştır.
A31: APPROVAL / ONAY
A33: Prepared By | D33: Date | G33: Checked By | J33: Approved By | M33: Receiver / Carrier
A37: Vimpo Makine A.Ş.
A38: Adres / Address : Malıköy Anadolu OSB Mahallesi 12. Cadde No:8 06909 Sincan/Ankara/Türkiye Telefon / Phone : +90 312 354 8509 • E-posta / E-mail : ugur.cicekverdi@vimpo.com • Web : www.vimpo.com.tr

Sheet TCLU7112490
A1: #VALUE! | D1: PACKING LIST ÇEKİ LİSTESİ | L1: Yayın Tarihi | N1: 46098
L2: Doküman No | N2: P07-F07
L3: Revizyon Tarihi | N3: -
L4: Revizyon No | N4: 00
A5: DOCUMENT & SHIPMENT INFORMATION / BELGE VE SEVKİYAT BİLGİLERİ
A6: Order No. / Sipariş No | C6: VMP-S01064-B1 | E6: Date / Tarih | G6: 46119 | I6: Invoice No. / Fatura No | K6: IHR2026000000026 | M6: Incoterm | O6: CIF
A7: Shipper / Gönderici | C7: Vimpo Makine A.Ş. | I7: Consignee / Alıcı | K7: Africa Road for Asphalt and Petroleum Insulation Industries
A8: Notify Party / İhbar | C8: Africa Road for Asphalt and Petroleum Insulation Industries | I8: Country of Origin | K8: Türkiye | M8: Final Destination | O8: Bingazi Port
A9: Port of Loading | C9: Limak Port İskenderun | E9: Port of Discharge | G9: Bingazi Port | I9: Vessel / Flight | K9: CMA CGM NANSHA / 0NVLPN1MA | M9: ETD / ETA | O9: 46153
A10: Container / Vehicle No. | C10: TCLU7112490 | E10: B/L - AWB No. | I10: PO / Contract No. | M10: Currency | O10: EUR
A11: ASM2026000000557
A12: Item No | B12: Case / Crate No | C12: Part No. / Model | D12: Description of Goods | E12: HS Code | F12: COO | G12: Qty | H12: UOM | I12: Package Type | J12: L (cm) | K12: W (cm) | L12: H (cm) | M12: Net Wt (kg) | N12: Gross Wt (kg) | O12: Volume (m³)
A13: 1 | C13: 2613H40008 | D13: St37 Steel Sheet 3x1500x8000 mm | E13: 7208.40.00.10.19 | F13: Türkiye | G13: 17 | H13: Pcs | I13: Bundle | J13: 8000 | K13: 1500 | L13: 3 | M13: 4773
A14: 2 | C14: 2613H30030 | D14: St37 Steel Sheet 6x1500x6900 mm | E14: 7208.40.00.10.19 | F14: Türkiye | G14: 11 | H14: Pcs | I14: Bundle | J14: 6900 | K14: 1500 | L14: 6 | M14: 5419
A15: 3 | C15: 2611H30247 | D15: St37 Steel Sheet 8x1500x6900 mm | E15: 7208.40.00.10.19 | F15: Türkiye | G15: 8 | H15: Pcs | I15: Bundle | J15: 6900 | K15: 1500 | L15: 8 | M15: 5219
A16: 4 | C16: 2611H30251 | D16: St37 Steel Sheet 8x1500x6900 mm | E16: 7208.40.00.10.19 | F16: Türkiye | G16: 8 | H16: Pcs | I16: Bundle | J16: 6900 | K16: 1500 | L16: 8 | M16: 5219
A17: 5 | C17: 2611H30291 | D17: St37 Steel Sheet 12x1500x8000 mm | E17: 7208.51.20.90.19 | F17: Türkiye | G17: 4 | H17: Pcs | I17: Bundle | J17: 8000 | K17: 1500 | L17: 12 | M17: 4545
A18: 6
A19: 7 | O19: =IF(COUNTA(J19:L19)=3,J19*K19*L19/1000000,"")
A20: 8 | O20: =IF(COUNTA(J20:L20)=3,J20*K20*L20/1000000,"")
A21: 9 | O21: =IF(COUNTA(J21:L21)=3,J21*K21*L21/1000000,"")
A22: 10 | O22: =IF(COUNTA(J22:L22)=3,J22*K22*L22/1000000,"")
A23: TOTAL / TOPLAM | G23: =SUM(G13:G22) -> 48 | M23: =SUM(M13:M22) -> 25175 | N23: =SUM(N13:N22) -> 0 | O23: =SUM(O13:O22) -> 0
A25: Total Packages | C25: =COUNTA(B13:B22) -> 0 | D25: Total Qty | F25: =SUM(G13:G22) -> 48 | G25: Total Net Wt (kg) | I25: =SUM(M13:M22) -> 25175 | J25: Total Gross Wt (kg) | L25: =SUM(N13:N22) -> 0 | M25: Total Volume (m³) | O25: =SUM(O13:O22) -> 0
A27: PACKAGING DECLARATION / AMBALAJ BEYANI
A28: All goods are packed suitably for export shipment, loading/unloading and inland transportation unless otherwise stated above. Yukarıda aksi belirtilmedikçe tüm mallar ihracat sevkiyatına, yükleme/boşaltmaya ve iç nakliyeye uygun şekilde ambalajlanmıştır.
A31: APPROVAL / ONAY
A33: Prepared By | D33: Date | G33: Checked By | J33: Approved By | M33: Receiver / Carrier
A37: Vimpo Makine A.Ş.
A38: Adres / Address : Malıköy Anadolu OSB Mahallesi 12. Cadde No:8 06909 Sincan/Ankara/Türkiye Telefon / Phone : +90 312 354 8509 • E-posta / E-mail : ugur.cicekverdi@vimpo.com • Web : www.vimpo.com.tr

Sheet TEXU1581022
A1: #VALUE! | D1: PACKING LIST ÇEKİ LİSTESİ | L1: Yayın Tarihi | N1: 46098
L2: Doküman No | N2: P07-F07
L3: Revizyon Tarihi | N3: -
L4: Revizyon No | N4: 00
A5: DOCUMENT & SHIPMENT INFORMATION / BELGE VE SEVKİYAT BİLGİLERİ
A6: Order No. / Sipariş No | C6: VMP-S01064-B1 | E6: Date / Tarih | G6: 46119 | I6: Invoice No. / Fatura No | K6: IHR2026000000026 | M6: Incoterm | O6: CIF
A7: Shipper / Gönderici | C7: Vimpo Makine A.Ş. | I7: Consignee / Alıcı | K7: Africa Road for Asphalt and Petroleum Insulation Industries
A8: Notify Party / İhbar | C8: Africa Road for Asphalt and Petroleum Insulation Industries | I8: Country of Origin | K8: Türkiye | M8: Final Destination | O8: Bingazi Port
A9: Port of Loading | C9: Limak Port İskenderun | E9: Port of Discharge | G9: Bingazi Port | I9: Vessel / Flight | K9: CMA CGM NANSHA / 0NVLPN1MA | M9: ETD / ETA | O9: 46153
A10: Container / Vehicle No. | C10: TEXU1581022 | E10: B/L - AWB No. | I10: PO / Contract No. | M10: Currency | O10: EUR
A11: ASM2026000000561
A12: Item No | B12: Case / Crate No | C12: Part No. / Model | D12: Description of Goods | E12: HS Code | F12: COO | G12: Qty | H12: UOM | I12: Package Type | J12: L (cm) | K12: W (cm) | L12: H (cm) | M12: Net Wt (kg) | N12: Gross Wt (kg) | O12: Volume (m³)
A13: 1 | C13: 2613H40008 | D13: St37 Steel Sheet 3x1500x8000 mm | E13: 7208.40.00.10.19 | F13: Türkiye | G13: 17 | H13: Pcs | I13: Bundle | J13: 8000 | K13: 1500 | L13: 3 | M13: 4773
A14: 2 | C14: 2613H30030 | D14: St37 Steel Sheet 6x1500x6900 mm | E14: 7208.40.00.10.19 | F14: Türkiye | G14: 11 | H14: Pcs | I14: Bundle | J14: 6900 | K14: 1500 | L14: 6 | M14: 5419
A15: 3 | C15: 2611H30247 | D15: St37 Steel Sheet 8x1500x6900 mm | E15: 7208.40.00.10.19 | F15: Türkiye | G15: 8 | H15: Pcs | I15: Bundle | J15: 6900 | K15: 1500 | L15: 8 | M15: 5219
A16: 4 | C16: 2611H30251 | D16: St37 Steel Sheet 8x1500x6900 mm | E16: 7208.40.00.10.19 | F16: Türkiye | G16: 8 | H16: Pcs | I16: Bundle | J16: 6900 | K16: 1500 | L16: 8 | M16: 5219
A17: 5 | C17: 2611H30291 | D17: St37 Steel Sheet 12x1500x8000 mm | E17: 7208.51.20.90.19 | F17: Türkiye | G17: 4 | H17: Pcs | I17: Bundle | J17: 8000 | K17: 1500 | L17: 12 | M17: 4545
A18: 6
A19: 7 | O19: =IF(COUNTA(J19:L19)=3,J19*K19*L19/1000000,"")
A20: 8 | O20: =IF(COUNTA(J20:L20)=3,J20*K20*L20/1000000,"")
A21: 9 | O21: =IF(COUNTA(J21:L21)=3,J21*K21*L21/1000000,"")
A22: 10 | O22: =IF(COUNTA(J22:L22)=3,J22*K22*L22/1000000,"")
A23: TOTAL / TOPLAM | G23: =SUM(G13:G22) -> 48 | M23: =SUM(M13:M22) -> 25175 | N23: =SUM(N13:N22) -> 0 | O23: =SUM(O13:O22) -> 0
A25: Total Packages | C25: =COUNTA(B13:B22) -> 0 | D25: Total Qty | F25: =SUM(G13:G22) -> 48 | G25: Total Net Wt (kg) | I25: =SUM(M13:M22) -> 25175 | J25: Total Gross Wt (kg) | L25: =SUM(N13:N22) -> 0 | M25: Total Volume (m³) | O25: =SUM(O13:O22) -> 0
A27: PACKAGING DECLARATION / AMBALAJ BEYANI
A28: All goods are packed suitably for export shipment, loading/unloading and inland transportation unless otherwise stated above. Yukarıda aksi belirtilmedikçe tüm mallar ihracat sevkiyatına, yükleme/boşaltmaya ve iç nakliyeye uygun şekilde ambalajlanmıştır.
A31: APPROVAL / ONAY
A33: Prepared By | D33: Date | G33: Checked By | J33: Approved By | M33: Receiver / Carrier
A37: Vimpo Makine A.Ş.
A38: Adres / Address : Malıköy Anadolu OSB Mahallesi 12. Cadde No:8 06909 Sincan/Ankara/Türkiye Telefon / Phone : +90 312 354 8509 • E-posta / E-mail : ugur.cicekverdi@vimpo.com • Web : www.vimpo.com.tr

Sheet TLLU1265510
A1: #VALUE! | D1: PACKING LIST ÇEKİ LİSTESİ | L1: Yayın Tarihi | N1: 46098
L2: Doküman No | N2: P07-F07
L3: Revizyon Tarihi | N3: -
L4: Revizyon No | N4: 00
A5: DOCUMENT & SHIPMENT INFORMATION / BELGE VE SEVKİYAT BİLGİLERİ
A6: Order No. / Sipariş No | C6: VMP-S01064-B1 | E6: Date / Tarih | G6: 46119 | I6: Invoice No. / Fatura No | K6: IHR2026000000026 | M6: Incoterm | O6: CIF
A7: Shipper / Gönderici | C7: Vimpo Makine A.Ş. | I7: Consignee / Alıcı | K7: Africa Road for Asphalt and Petroleum Insulation Industries
A8: Notify Party / İhbar | C8: Africa Road for Asphalt and Petroleum Insulation Industries | I8: Country of Origin | K8: Türkiye | M8: Final Destination | O8: Bingazi Port
A9: Port of Loading | C9: Limak Port İskenderun | E9: Port of Discharge | G9: Bingazi Port | I9: Vessel / Flight | K9: CMA CGM NANSHA / 0NVLPN1MA | M9: ETD / ETA | O9: 46153
A10: Container / Vehicle No. | C10: TLLU1265510 | E10: B/L - AWB No. | I10: PO / Contract No. | M10: Currency | O10: EUR
A11: ASM2026000000559
A12: Item No | B12: Case / Crate No | C12: Part No. / Model | D12: Description of Goods | E12: HS Code | F12: COO | G12: Qty | H12: UOM | I12: Package Type | J12: L (cm) | K12: W (cm) | L12: H (cm) | M12: Net Wt (kg) | N12: Gross Wt (kg) | O12: Volume (m³)
A13: 1 | C13: 2613H40004 | D13: St37 Steel Sheet 3x1500x8000 mm | E13: 7208.40.00.10.19 | F13: Türkiye | G13: 17 | H13: Pcs | I13: Bundle | J13: 8000 | K13: 1500 | L13: 3 | M13: 4764
A14: 2 | C14: 2611H30242 | D14: St37 Steel Sheet 8x1500x6900 mm | E14: 7208.40.00.10.19 | F14: Türkiye | G14: 8 | H14: Pcs | I14: Bundle | J14: 6900 | K14: 1500 | L14: 8 | M14: 5208
A15: 3 | C15: 2611H30293 | D15: St37 Steel Sheet 12x1500x8000 mm | E15: 7208.51.20.90.19 | F15: Türkiye | G15: 4 | H15: Pcs | I15: Bundle | J15: 8000 | K15: 1500 | L15: 12 | M15: 4600
A16: 4 | C16: 2611H30327 | D16: St37 Steel Sheet 12x1500x8000 mm | E16: 7208.51.20.90.19 | F16: Türkiye | G16: 5 | H16: Pcs | I16: Bundle | J16: 8000 | K16: 1500 | L16: 12 | M16: 5603
A17: 5 | C17: 2611H30313 | D17: St37 Steel Sheet 12x1500x6900 mm | E17: 7208.51.20.90.19 | F17: Türkiye | G17: 5 | H17: Pcs | I17: Bundle | J17: 6900 | K17: 1500 | L17: 12 | M17: 4900
A18: 6
A19: 7 | O19: =IF(COUNTA(J19:L19)=3,J19*K19*L19/1000000,"")
A20: 8 | O20: =IF(COUNTA(J20:L20)=3,J20*K20*L20/1000000,"")
A21: 9 | O21: =IF(COUNTA(J21:L21)=3,J21*K21*L21/1000000,"")
A22: 10 | O22: =IF(COUNTA(J22:L22)=3,J22*K22*L22/1000000,"")
A23: TOTAL / TOPLAM | G23: =SUM(G13:G22) -> 39 | M23: =SUM(M13:M22) -> 25075 | N23: =SUM(N13:N22) -> 0 | O23: =SUM(O13:O22) -> 0
A25: Total Packages | C25: =COUNTA(B13:B22) -> 0 | D25: Total Qty | F25: =SUM(G13:G22) -> 39 | G25: Total Net Wt (kg) | I25: =SUM(M13:M22) -> 25075 | J25: Total Gross Wt (kg) | L25: =SUM(N13:N22) -> 0 | M25: Total Volume (m³) | O25: =SUM(O13:O22) -> 0
A27: PACKAGING DECLARATION / AMBALAJ BEYANI
A28: All goods are packed suitably for export shipment, loading/unloading and inland transportation unless otherwise stated above. Yukarıda aksi belirtilmedikçe tüm mallar ihracat sevkiyatına, yükleme/boşaltmaya ve iç nakliyeye uygun şekilde ambalajlanmıştır.
A31: APPROVAL / ONAY
A33: Prepared By | D33: Date | G33: Checked By | J33: Approved By | M33: Receiver / Carrier
A37: Vimpo Makine A.Ş.
A38: Adres / Address : Malıköy Anadolu OSB Mahallesi 12. Cadde No:8 06909 Sincan/Ankara/Türkiye Telefon / Phone : +90 312 354 8509 • E-posta / E-mail : ugur.cicekverdi@vimpo.com • Web : www.vimpo.com.tr

Sheet TRIU0520849
A1: #VALUE! | D1: PACKING LIST ÇEKİ LİSTESİ | L1: Yayın Tarihi | N1: 46098
L2: Doküman No | N2: P07-F07
L3: Revizyon Tarihi | N3: -
L4: Revizyon No | N4: 00
A5: DOCUMENT & SHIPMENT INFORMATION / BELGE VE SEVKİYAT BİLGİLERİ
A6: Order No. / Sipariş No | C6: VMP-S01064-B1-B1-B1 | E6: Date / Tarih | G6: 46119 | I6: Invoice No. / Fatura No | K6: IHR2026000000026 | M6: Incoterm | O6: CIF
A7: Shipper / Gönderici | C7: Vimpo Makine A.Ş. | I7: Consignee / Alıcı | K7: Africa Road for Asphalt and Petroleum Insulation Industries
A8: Notify Party / İhbar | C8: Africa Road for Asphalt and Petroleum Insulation Industries | I8: Country of Origin | K8: Türkiye | M8: Final Destination | O8: Bingazi Port
A9: Port of Loading | C9: Limak Port İskenderun | E9: Port of Discharge | G9: Bingazi Port | I9: Vessel / Flight | K9: CMA CGM NANSHA / 0NVLPN1MA | M9: ETD / ETA | O9: 46153
A10: Container / Vehicle No. | C10: TRIU0520849 | E10: B/L - AWB No. | I10: PO / Contract No. | M10: Currency | O10: EUR
A11: ASM2026000000563
A12: Item No | B12: Case / Crate No | C12: Part No. / Model | D12: Description of Goods | E12: HS Code | F12: COO | G12: Qty | H12: UOM | I12: Package Type | J12: L (cm) | K12: W (cm) | L12: H (cm) | M12: Net Wt (kg) | N12: Gross Wt (kg) | O12: Volume (m³)
A13: 1 | C13: 2613H40003 | D13: St37 Steel Sheet 3x1500x8000 mm | E13: 7208.40.00.10.19 | F13: Türkiye | G13: 17 | H13: Pcs | I13: Bundle | J13: 8000 | K13: 1500 | L13: 3 | M13: 4790
A14: 2 | C14: 2613H40011 | D14: St37 Steel Sheet 3x1500x8000 mm | E14: 7208.40.00.10.19 | F14: Türkiye | G14: 17 | H14: Pcs | I14: Bundle | J14: 8000 | K14: 1500 | L14: 3 | M14: 4780
A15: 3 | C15: 2613H40032 | D15: St37 Steel Sheet 4x1500x8000 mm | E15: 7208.40.00.10.19 | F15: Türkiye | G15: 14 | H15: Pcs | I15: Bundle | J15: 8000 | K15: 1500 | L15: 4 | M15: 5320
A16: 4 | C16: 2612H30043 | D16: St37 Steel Sheet 6x1500x6900 mm | E16: 7208.40.00.10.19 | F16: Türkiye | G16: 7 | H16: Pcs | I16: Bundle | J16: 6900 | K16: 1500 | L16: 6 | M16: 3460
A17: 5 | C17: 2611H30310 | D17: St37 Steel Sheet 12x1500x8000 mm | E17: 7208.51.20.90.19 | F17: Türkiye | G17: 6 | H17: Pcs | I17: Bundle | J17: 8000 | K17: 1500 | L17: 12 | M17: 6870
A18: 6
A19: 7 | O19: =IF(COUNTA(J19:L19)=3,J19*K19*L19/1000000,"")
A20: 8 | O20: =IF(COUNTA(J20:L20)=3,J20*K20*L20/1000000,"")
A21: 9 | O21: =IF(COUNTA(J21:L21)=3,J21*K21*L21/1000000,"")
A22: 10 | O22: =IF(COUNTA(J22:L22)=3,J22*K22*L22/1000000,"")
A23: TOTAL / TOPLAM | G23: =SUM(G13:G22) -> 61 | M23: =SUM(M13:M22) -> 25220 | N23: =SUM(N13:N22) -> 0 | O23: =SUM(O13:O22) -> 0
A25: Total Packages | C25: =COUNTA(B13:B22) -> 0 | D25: Total Qty | F25: =SUM(G13:G22) -> 61 | G25: Total Net Wt (kg) | I25: =SUM(M13:M22) -> 25220 | J25: Total Gross Wt (kg) | L25: =SUM(N13:N22) -> 0 | M25: Total Volume (m³) | O25: =SUM(O13:O22) -> 0
A27: PACKAGING DECLARATION / AMBALAJ BEYANI
A28: All goods are packed suitably for export shipment, loading/unloading and inland transportation unless otherwise stated above. Yukarıda aksi belirtilmedikçe tüm mallar ihracat sevkiyatına, yükleme/boşaltmaya ve iç nakliyeye uygun şekilde ambalajlanmıştır.
A31: APPROVAL / ONAY
A33: Prepared By | D33: Date | G33: Checked By | J33: Approved By | M33: Receiver / Carrier
A37: Vimpo Makine A.Ş.
A38: Adres / Address : Malıköy Anadolu OSB Mahallesi 12. Cadde No:8 06909 Sincan/Ankara/Türkiye Telefon / Phone : +90 312 354 8509 • E-posta / E-mail : ugur.cicekverdi@vimpo.com • Web : www.vimpo.com.tr

Sheet TLLU1263332
A1: #VALUE! | D1: PACKING LIST ÇEKİ LİSTESİ | L1: Yayın Tarihi | N1: 46098
L2: Doküman No | N2: P07-F07
L3: Revizyon Tarihi | N3: -
L4: Revizyon No | N4: 00
A5: DOCUMENT & SHIPMENT INFORMATION / BELGE VE SEVKİYAT BİLGİLERİ
A6: Order No. / Sipariş No | C6: VMP-S01064-B1 | E6: Date / Tarih | G6: 46119 | I6: Invoice No. / Fatura No | K6: IHR2026000000026 | M6: Incoterm | O6: CIF
A7: Shipper / Gönderici | C7: Vimpo Makine A.Ş. | I7: Consignee / Alıcı | K7: Africa Road for Asphalt and Petroleum Insulation Industries
A8: Notify Party / İhbar | C8: Africa Road for Asphalt and Petroleum Insulation Industries | I8: Country of Origin | K8: Türkiye | M8: Final Destination | O8: Bingazi Port
A9: Port of Loading | C9: Limak Port İskenderun | E9: Port of Discharge | G9: Bingazi Port | I9: Vessel / Flight | K9: CMA CGM NANSHA / 0NVLPN1MA | M9: ETD / ETA | O9: 46153
A10: Container / Vehicle No. | C10: TLLU1263332 | E10: B/L - AWB No. | I10: PO / Contract No. | M10: Currency | O10: EUR
A11: ASM2026000000558
A12: Item No | B12: Case / Crate No | C12: Part No. / Model | D12: Description of Goods | E12: HS Code | F12: COO | G12: Qty | H12: UOM | I12: Package Type | J12: L (cm) | K12: W (cm) | L12: H (cm) | M12: Net Wt (kg) | N12: Gross Wt (kg) | O12: Volume (m³)
A13: 1 | C13: 2613H40033 | D13: St37 Steel Sheet 4x1500x8000 mm | E13: 7208.40.00.10.19 | F13: Türkiye | G13: 12 | H13: Pcs | I13: Bundle | J13: 8000 | K13: 1500 | L13: 4 | M13: 4540
A14: 2 | C14: 2611H30236 | D14: St37 Steel Sheet 8x1500x6900 mm | E14: 7208.40.00.10.19 | F14: Türkiye | G14: 8 | H14: Pcs | I14: Bundle | J14: 6900 | K14: 1500 | L14: 8 | M14: 5215
A15: 3 | C15: 2611H30259 | D15: St37 Steel Sheet 8x1500x6000 mm | E15: 7208.40.00.10.19 | F15: Türkiye | G15: 9 | H15: Pcs | I15: Bundle | J15: 6000 | K15: 1500 | L15: 8 | M15: 5105
A16: 4 | C16: 2611H30297 | D16: St37 Steel Sheet 12x1500x8000 mm | E16: 7208.51.20.90.19 | F16: Türkiye | G16: 4 | H16: Pcs | I16: Bundle | J16: 8000 | K16: 1500 | L16: 12 | M16: 4535
A17: 5 | C17: 2611H30309 | D17: St37 Steel Sheet 12x1500x8000 mm | E17: 7208.51.20.90.19 | F17: Türkiye | G17: 5 | H17: Pcs | I17: Bundle | J17: 8000 | K17: 1500 | L17: 12 | M17: 5705
A18: 6
A19: 7 | O19: =IF(COUNTA(J19:L19)=3,J19*K19*L19/1000000,"")
A20: 8 | O20: =IF(COUNTA(J20:L20)=3,J20*K20*L20/1000000,"")
A21: 9 | O21: =IF(COUNTA(J21:L21)=3,J21*K21*L21/1000000,"")
A22: 10 | O22: =IF(COUNTA(J22:L22)=3,J22*K22*L22/1000000,"")
A23: TOTAL / TOPLAM | G23: =SUM(G13:G22) -> 38 | M23: =SUM(M13:M22) -> 25100 | N23: =SUM(N13:N22) -> 0 | O23: =SUM(O13:O22) -> 0
A25: Total Packages | C25: =COUNTA(B13:B22) -> 0 | D25: Total Qty | F25: =SUM(G13:G22) -> 38 | G25: Total Net Wt (kg) | I25: =SUM(M13:M22) -> 25100 | J25: Total Gross Wt (kg) | L25: =SUM(N13:N22) -> 0 | M25: Total Volume (m³) | O25: =SUM(O13:O22) -> 0
A27: PACKAGING DECLARATION / AMBALAJ BEYANI
A28: All goods are packed suitably for export shipment, loading/unloading and inland transportation unless otherwise stated above. Yukarıda aksi belirtilmedikçe tüm mallar ihracat sevkiyatına, yükleme/boşaltmaya ve iç nakliyeye uygun şekilde ambalajlanmıştır.
A31: APPROVAL / ONAY
A33: Prepared By | D33: Date | G33: Checked By | J33: Approved By | M33: Receiver / Carrier
A37: Vimpo Makine A.Ş.
A38: Adres / Address : Malıköy Anadolu OSB Mahallesi 12. Cadde No:8 06909 Sincan/Ankara/Türkiye Telefon / Phone : +90 312 354 8509 • E-posta / E-mail : ugur.cicekverdi@vimpo.com • Web : www.vimpo.com.tr

Sheet SEGU734199-1
A1: #VALUE! | D1: PACKING LIST ÇEKİ LİSTESİ | L1: Yayın Tarihi | N1: 46098
L2: Doküman No | N2: P07-F07
L3: Revizyon Tarihi | N3: -
L4: Revizyon No | N4: 00
A5: DOCUMENT & SHIPMENT INFORMATION / BELGE VE SEVKİYAT BİLGİLERİ
A6: Order No. / Sipariş No | C6: VMP-S01064-B1 | E6: Date / Tarih | G6: 46119 | I6: Invoice No. / Fatura No | K6: IHR2026000000026 | M6: Incoterm | O6: CIF
A7: Shipper / Gönderici | C7: Vimpo Makine A.Ş. | I7: Consignee / Alıcı | K7: Africa Road for Asphalt and Petroleum Insulation Industries
A8: Notify Party / İhbar | C8: Africa Road for Asphalt and Petroleum Insulation Industries | I8: Country of Origin | K8: Türkiye | M8: Final Destination | O8: Bingazi Port
A9: Port of Loading | C9: Limak Port İskenderun | E9: Port of Discharge | G9: Bingazi Port | I9: Vessel / Flight | K9: CMA CGM NANSHA / 0NVLPN1MA | M9: ETD / ETA | O9: 46153
A10: Container / Vehicle No. | C10: SEGU734199-1 | E10: B/L - AWB No. | I10: PO / Contract No. | M10: Currency | O10: EUR
A11: ASM2026000000556
A12: Item No | B12: Case / Crate No | C12: Part No. / Model | D12: Description of Goods | E12: HS Code | F12: COO | G12: Qty | H12: UOM | I12: Package Type | J12: L (cm) | K12: W (cm) | L12: H (cm) | M12: Net Wt (kg) | N12: Gross Wt (kg) | O12: Volume (m³)
A13: 1 | C13: 2611H30254 | D13: St37 Steel Sheet 8x1500x6000 mm | E13: 7208.40.00.10.19 | F13: Türkiye | G13: 9 | H13: Pcs | I13: Bundle | J13: 6000 | K13: 1500 | L13: 8 | M13: 5079
A14: 2 | C14: 2611H30295 | D14: St37 Steel Sheet 12x1500x8000 mm | E14: 7208.51.20.90.19 | F14: Türkiye | G14: 4 | H14: Pcs | I14: Bundle | J14: 8000 | K14: 1500 | L14: 12 | M14: 4510
A15: 3 | C15: 2611H30311 | D15: St37 Steel Sheet 12x1500x6900 mm | E15: 7208.51.20.90.19 | F15: Türkiye | G15: 5 | H15: Pcs | I15: Bundle | J15: 6900 | K15: 1500 | L15: 12 | M15: 4877
A16: 4 | C16: 2611H30316 | D16: St37 Steel Sheet 12x1500x6900 mm | E16: 7208.51.20.90.19 | F16: Türkiye | G16: 5 | H16: Pcs | I16: Bundle | J16: 6900 | K16: 1500 | L16: 12 | M16: 4877
A17: 5 | C17: 2611H30326 | D17: St37 Steel Sheet 12x1500x8000 mm | E17: 7208.51.20.90.19 | F17: Türkiye | G17: 5 | H17: Pcs | I17: Bundle | J17: 8000 | K17: 1500 | L17: 12 | M17: 5697
A18: 6
A19: 7 | O19: =IF(COUNTA(J19:L19)=3,J19*K19*L19/1000000,"")
A20: 8 | O20: =IF(COUNTA(J20:L20)=3,J20*K20*L20/1000000,"")
A21: 9 | O21: =IF(COUNTA(J21:L21)=3,J21*K21*L21/1000000,"")
A22: 10 | O22: =IF(COUNTA(J22:L22)=3,J22*K22*L22/1000000,"")
A23: TOTAL / TOPLAM | G23: =SUM(G13:G22) -> 28 | M23: =SUM(M13:M22) -> 25040 | N23: =SUM(N13:N22) -> 0 | O23: =SUM(O13:O22) -> 0
A25: Total Packages | C25: =COUNTA(B13:B22) -> 0 | D25: Total Qty | F25: =SUM(G13:G22) -> 28 | G25: Total Net Wt (kg) | I25: =SUM(M13:M22) -> 25040 | J25: Total Gross Wt (kg) | L25: =SUM(N13:N22) -> 0 | M25: Total Volume (m³) | O25: =SUM(O13:O22) -> 0
A27: PACKAGING DECLARATION / AMBALAJ BEYANI
A28: All goods are packed suitably for export shipment, loading/unloading and inland transportation unless otherwise stated above. Yukarıda aksi belirtilmedikçe tüm mallar ihracat sevkiyatına, yükleme/boşaltmaya ve iç nakliyeye uygun şekilde ambalajlanmıştır.
A31: APPROVAL / ONAY
A33: Prepared By | D33: Date | G33: Checked By | J33: Approved By | M33: Receiver / Carrier
A37: Vimpo Makine A.Ş.
A38: Adres / Address : Malıköy Anadolu OSB Mahallesi 12. Cadde No:8 06909 Sincan/Ankara/Türkiye Telefon / Phone : +90 312 354 8509 • E-posta / E-mail : ugur.cicekverdi@vimpo.com • Web : www.vimpo.com.tr

Sheet TCLU700218-0
A1: #VALUE! | D1: PACKING LIST ÇEKİ LİSTESİ | L1: Yayın Tarihi | N1: 46098
L2: Doküman No | N2: P07-F07
L3: Revizyon Tarihi | N3: -
L4: Revizyon No | N4: 00
A5: DOCUMENT & SHIPMENT INFORMATION / BELGE VE SEVKİYAT BİLGİLERİ
A6: Order No. / Sipariş No | C6: VMP-S01064-B1 | E6: Date / Tarih | G6: 46119 | I6: Invoice No. / Fatura No | K6: IHR2026000000026 | M6: Incoterm | O6: CIF
A7: Shipper / Gönderici | C7: Vimpo Makine A.Ş. | I7: Consignee / Alıcı | K7: Africa Road for Asphalt and Petroleum Insulation Industries
A8: Notify Party / İhbar | C8: Africa Road for Asphalt and Petroleum Insulation Industries | I8: Country of Origin | K8: Türkiye | M8: Final Destination | O8: Bingazi Port
A9: Port of Loading | C9: Limak Port İskenderun | E9: Port of Discharge | G9: Bingazi Port | I9: Vessel / Flight | K9: CMA CGM NANSHA / 0NVLPN1MA | M9: ETD / ETA | O9: 46153
A10: Container / Vehicle No. | C10: TCLU700218-0 | E10: B/L - AWB No. | I10: PO / Contract No. | M10: Currency | O10: EUR
A11: ASM2026000000569
A12: Item No | B12: Case / Crate No | C12: Part No. / Model | D12: Description of Goods | E12: HS Code | F12: COO | G12: Qty | H12: UOM | I12: Package Type | J12: L (cm) | K12: W (cm) | L12: H (cm) | M12: Net Wt (kg) | N12: Gross Wt (kg) | O12: Volume (m³)
A13: 1 | C13: 2613H40005 | D13: St37 Steel Sheet 3x1500x8000 mm | E13: 7208.40.00.10.19 | F13: Türkiye | G13: 17 | H13: Pcs | I13: Bundle | J13: 8000 | K13: 1500 | L13: 3 | M13: 4790
A14: 2 | C14: 2613H40031 | D14: St37 Steel Sheet 4x1500x8000 mm | E14: 7208.40.00.10.19 | F14: Türkiye | G14: 14 | H14: Pcs | I14: Bundle | J14: 8000 | K14: 1500 | L14: 4 | M14: 5320
A15: 3 | C15: 2612H30042 | D15: St37 Steel Sheet 6x1500x6900 mm | E15: 7208.40.00.10.19 | F15: Türkiye | G15: 10 | H15: Pcs | I15: Bundle | J15: 6900 | K15: 1500 | L15: 6 | M15: 4940
A16: 4 | C16: 2613H30031 | D16: St37 Steel Sheet 6x1500x6900 mm | E16: 7208.40.00.10.19 | F16: Türkiye | G16: 10 | H16: Pcs | I16: Bundle | J16: 6900 | K16: 1500 | L16: 6 | M16: 4930
A17: 5 | C17: 2611H30258 | D17: St37 Steel Sheet 8x1500x6900 mm | E17: 7208.40.00.10.19 | F17: Türkiye | G17: 8 | H17: Pcs | I17: Bundle | J17: 6900 | K17: 1500 | L17: 8 | M17: 5240
A18: 6
A19: 7 | O19: =IF(COUNTA(J19:L19)=3,J19*K19*L19/1000000,"")
A20: 8 | O20: =IF(COUNTA(J20:L20)=3,J20*K20*L20/1000000,"")
A21: 9 | O21: =IF(COUNTA(J21:L21)=3,J21*K21*L21/1000000,"")
A22: 10 | O22: =IF(COUNTA(J22:L22)=3,J22*K22*L22/1000000,"")
A23: TOTAL / TOPLAM | G23: =SUM(G13:G22) -> 59 | M23: =SUM(M13:M22) -> 25220 | N23: =SUM(N13:N22) -> 0 | O23: =SUM(O13:O22) -> 0
A25: Total Packages | C25: =COUNTA(B13:B22) -> 0 | D25: Total Qty | F25: =SUM(G13:G22) -> 59 | G25: Total Net Wt (kg) | I25: =SUM(M13:M22) -> 25220 | J25: Total Gross Wt (kg) | L25: =SUM(N13:N22) -> 0 | M25: Total Volume (m³) | O25: =SUM(O13:O22) -> 0
A27: PACKAGING DECLARATION / AMBALAJ BEYANI
A28: All goods are packed suitably for export shipment, loading/unloading and inland transportation unless otherwise stated above. Yukarıda aksi belirtilmedikçe tüm mallar ihracat sevkiyatına, yükleme/boşaltmaya ve iç nakliyeye uygun şekilde ambalajlanmıştır.
A31: APPROVAL / ONAY
A33: Prepared By | D33: Date | G33: Checked By | J33: Approved By | M33: Receiver / Carrier
A37: Vimpo Makine A.Ş.
A38: Adres / Address : Malıköy Anadolu OSB Mahallesi 12. Cadde No:8 06909 Sincan/Ankara/Türkiye Telefon / Phone : +90 312 354 8509 • E-posta / E-mail : ugur.cicekverdi@vimpo.com • Web : www.vimpo.com.tr

Sheet TRLU641946-0
A1: #VALUE! | D1: PACKING LIST ÇEKİ LİSTESİ | L1: Yayın Tarihi | N1: 46098
L2: Doküman No | N2: P07-F07
L3: Revizyon Tarihi | N3: -
L4: Revizyon No | N4: 00
A5: DOCUMENT & SHIPMENT INFORMATION / BELGE VE SEVKİYAT BİLGİLERİ
A6: Order No. / Sipariş No | C6: VMP-S01064-B1 | E6: Date / Tarih | G6: 46119 | I6: Invoice No. / Fatura No | K6: IHR2026000000026 | M6: Incoterm | O6: CIF
A7: Shipper / Gönderici | C7: Vimpo Makine A.Ş. | I7: Consignee / Alıcı | K7: Africa Road for Asphalt and Petroleum Insulation Industries
A8: Notify Party / İhbar | C8: Africa Road for Asphalt and Petroleum Insulation Industries | I8: Country of Origin | K8: Türkiye | M8: Final Destination | O8: Bingazi Port
A9: Port of Loading | C9: Limak Port İskenderun | E9: Port of Discharge | G9: Bingazi Port | I9: Vessel / Flight | K9: CMA CGM NANSHA / 0NVLPN1MA | M9: ETD / ETA | O9: 46153
A10: Container / Vehicle No. | C10: TRLU641946-0 | E10: B/L - AWB No. | I10: PO / Contract No. | M10: Currency | O10: EUR
A11: ASM2026000000565
A12: Item No | B12: Case / Crate No | C12: Part No. / Model | D12: Description of Goods | E12: HS Code | F12: COO | G12: Qty | H12: UOM | I12: Package Type | J12: L (cm) | K12: W (cm) | L12: H (cm) | M12: Net Wt (kg) | N12: Gross Wt (kg) | O12: Volume (m³)
A13: 1 | C13: 2613H40029 | D13: St37 Steel Sheet 4x1500x8000 mm | E13: 7208.40.00.10.19 | F13: Türkiye | G13: 14 | H13: Pcs | I13: Bundle | J13: 8000 | K13: 1500 | L13: 4 | M13: 5330
A14: 2 | C14: 2612H30040 | D14: St37 Steel Sheet 6x1500x6900 mm | E14: 7208.40.00.10.19 | F14: Türkiye | G14: 10 | H14: Pcs | I14: Bundle | J14: 6900 | K14: 1500 | L14: 6 | M14: 4940
A15: 3 | C15: 2612H30041 | D15: St37 Steel Sheet 6x1500x6900 mm | E15: 7208.40.00.10.19 | F15: Türkiye | G15: 10 | H15: Pcs | I15: Bundle | J15: 6900 | K15: 1500 | L15: 6 | M15: 4940
A16: 4 | C16: 2613H30029 | D16: St37 Steel Sheet 6x1500x6900 mm | E16: 7208.40.00.10.19 | F16: Türkiye | G16: 11 | H16: Pcs | I16: Bundle | J16: 6900 | K16: 1500 | L16: 6 | M16: 5430
A17: 5 | C17: 2613H30107 | D17: St37 Steel Sheet 12x1500x8000 mm | E17: 7208.51.20.90.19 | F17: Türkiye | G17: 4 | H17: Pcs | I17: Bundle | J17: 8000 | K17: 1500 | L17: 12 | M17: 4580
A18: 6
A19: 7 | O19: =IF(COUNTA(J19:L19)=3,J19*K19*L19/1000000,"")
A20: 8 | O20: =IF(COUNTA(J20:L20)=3,J20*K20*L20/1000000,"")
A21: 9 | O21: =IF(COUNTA(J21:L21)=3,J21*K21*L21/1000000,"")
A22: 10 | O22: =IF(COUNTA(J22:L22)=3,J22*K22*L22/1000000,"")
A23: TOTAL / TOPLAM | G23: =SUM(G13:G22) -> 49 | M23: =SUM(M13:M22) -> 25220 | N23: =SUM(N13:N22) -> 0 | O23: =SUM(O13:O22) -> 0
A25: Total Packages | C25: =COUNTA(B13:B22) -> 0 | D25: Total Qty | F25: =SUM(G13:G22) -> 49 | G25: Total Net Wt (kg) | I25: =SUM(M13:M22) -> 25220 | J25: Total Gross Wt (kg) | L25: =SUM(N13:N22) -> 0 | M25: Total Volume (m³) | O25: =SUM(O13:O22) -> 0
A27: PACKAGING DECLARATION / AMBALAJ BEYANI
A28: All goods are packed suitably for export shipment, loading/unloading and inland transportation unless otherwise stated above. Yukarıda aksi belirtilmedikçe tüm mallar ihracat sevkiyatına, yükleme/boşaltmaya ve iç nakliyeye uygun şekilde ambalajlanmıştır.
A31: APPROVAL / ONAY
A33: Prepared By | D33: Date | G33: Checked By | J33: Approved By | M33: Receiver / Carrier
A37: Vimpo Makine A.Ş.
A38: Adres / Address : Malıköy Anadolu OSB Mahallesi 12. Cadde No:8 06909 Sincan/Ankara/Türkiye Telefon / Phone : +90 312 354 8509 • E-posta / E-mail : ugur.cicekverdi@vimpo.com • Web : www.vimpo.com.tr

Sheet TCLU716284-5
A1: #VALUE! | D1: PACKING LIST ÇEKİ LİSTESİ | L1: Yayın Tarihi | N1: 46098
L2: Doküman No | N2: P07-F07
L3: Revizyon Tarihi | N3: -
L4: Revizyon No | N4: 00
A5: DOCUMENT & SHIPMENT INFORMATION / BELGE VE SEVKİYAT BİLGİLERİ
A6: Order No. / Sipariş No | C6: VMP-S01064-B1 | E6: Date / Tarih | G6: 46119 | I6: Invoice No. / Fatura No | K6: IHR2026000000026 | M6: Incoterm | O6: CIF
A7: Shipper / Gönderici | C7: Vimpo Makine A.Ş. | I7: Consignee / Alıcı | K7: Africa Road for Asphalt and Petroleum Insulation Industries
A8: Notify Party / İhbar | C8: Africa Road for Asphalt and Petroleum Insulation Industries | I8: Country of Origin | K8: Türkiye | M8: Final Destination | O8: Bingazi Port
A9: Port of Loading | C9: Limak Port İskenderun | E9: Port of Discharge | G9: Bingazi Port | I9: Vessel / Flight | K9: CMA CGM NANSHA / 0NVLPN1MA | M9: ETD / ETA | O9: 46153
A10: Container / Vehicle No. | C10: TCLU716284-5 | E10: B/L - AWB No. | I10: PO / Contract No. | M10: Currency | O10: EUR
A11: ASM2026000000570
A12: Item No | B12: Case / Crate No | C12: Part No. / Model | D12: Description of Goods | E12: HS Code | F12: COO | G12: Qty | H12: UOM | I12: Package Type | J12: L (cm) | K12: W (cm) | L12: H (cm) | M12: Net Wt (kg) | N12: Gross Wt (kg) | O12: Volume (m³)
A13: 1 | C13: 2613H40052 | D13: St37 Steel Sheet 4x1500x6000 mm | E13: 7208.40.00.10.19 | F13: Türkiye | G13: 8 | H13: Pcs | I13: Bundle | J13: 6000 | K13: 1500 | L13: 4 | M13: 2261
A14: 2 | C14: 2611H30274 | D14: St37 Steel Sheet 10x1500x6900 mm | E14: 7208.40.00.10.19 | F14: Türkiye | G14: 7 | H14: Pcs | I14: Bundle | J14: 6900 | K14: 1500 | L14: 10 | M14: 5685
A15: 3 | C15: 2611H30275 | D15: St37 Steel Sheet 10x1500x6900 mm | E15: 7208.40.00.10.19 | F15: Türkiye | G15: 7 | H15: Pcs | I15: Bundle | J15: 6900 | K15: 1500 | L15: 10 | M15: 5686
A16: 4 | C16: 2611H30307 | D16: St37 Steel Sheet 12x1500x8000 mm | E16: 7208.51.20.90.19 | F16: Türkiye | G16: 5 | H16: Pcs | I16: Bundle | J16: 8000 | K16: 1500 | L16: 12 | M16: 5684
A17: 5 | C17: 2611H30308 | D17: St37 Steel Sheet 12x1500x8000 mm | E17: 7208.51.20.90.19 | F17: Türkiye | G17: 5 | H17: Pcs | I17: Bundle | J17: 8000 | K17: 1500 | L17: 12 | M17: 5684
A18: 6
A19: 7 | O19: =IF(COUNTA(J19:L19)=3,J19*K19*L19/1000000,"")
A20: 8 | O20: =IF(COUNTA(J20:L20)=3,J20*K20*L20/1000000,"")
A21: 9 | O21: =IF(COUNTA(J21:L21)=3,J21*K21*L21/1000000,"")
A22: 10 | O22: =IF(COUNTA(J22:L22)=3,J22*K22*L22/1000000,"")
A23: TOTAL / TOPLAM | G23: =SUM(G13:G22) -> 32 | M23: =SUM(M13:M22) -> 25000 | N23: =SUM(N13:N22) -> 0 | O23: =SUM(O13:O22) -> 0
A25: Total Packages | C25: =COUNTA(B13:B22) -> 0 | D25: Total Qty | F25: =SUM(G13:G22) -> 32 | G25: Total Net Wt (kg) | I25: =SUM(M13:M22) -> 25000 | J25: Total Gross Wt (kg) | L25: =SUM(N13:N22) -> 0 | M25: Total Volume (m³) | O25: =SUM(O13:O22) -> 0
A27: PACKAGING DECLARATION / AMBALAJ BEYANI
A28: All goods are packed suitably for export shipment, loading/unloading and inland transportation unless otherwise stated above. Yukarıda aksi belirtilmedikçe tüm mallar ihracat sevkiyatına, yükleme/boşaltmaya ve iç nakliyeye uygun şekilde ambalajlanmıştır.
A31: APPROVAL / ONAY
A33: Prepared By | D33: Date | G33: Checked By | J33: Approved By | M33: Receiver / Carrier
A37: Vimpo Makine A.Ş.
A38: Adres / Address : Malıköy Anadolu OSB Mahallesi 12. Cadde No:8 06909 Sincan/Ankara/Türkiye Telefon / Phone : +90 312 354 8509 • E-posta / E-mail : ugur.cicekverdi@vimpo.com • Web : www.vimpo.com.tr

Sheet TCLU7063591
A1: #VALUE! | D1: PACKING LIST ÇEKİ LİSTESİ | L1: Yayın Tarihi | N1: 46098
L2: Doküman No | N2: P07-F07
L3: Revizyon Tarihi | N3: -
L4: Revizyon No | N4: 00
A5: DOCUMENT & SHIPMENT INFORMATION / BELGE VE SEVKİYAT BİLGİLERİ
A6: Order No. / Sipariş No | C6: VMP-S01064-B1 | E6: Date / Tarih | G6: 46120 | I6: Invoice No. / Fatura No | K6: IHR2026000000026 | M6: Incoterm | O6: CIF
A7: Shipper / Gönderici | C7: Vimpo Makine A.Ş. | I7: Consignee / Alıcı | K7: Africa Road for Asphalt and Petroleum Insulation Industries
A8: Notify Party / İhbar | C8: Africa Road for Asphalt and Petroleum Insulation Industries | I8: Country of Origin | K8: Türkiye | M8: Final Destination | O8: Bingazi Port
A9: Port of Loading | C9: Limak Port İskenderun | E9: Port of Discharge | G9: Bingazi Port | I9: Vessel / Flight | K9: CMA CGM NANSHA / 0NVLPN1MA | M9: ETD / ETA | O9: 46153
A10: Container / Vehicle No. | C10: TCLU7063591 | E10: B/L - AWB No. | I10: PO / Contract No. | M10: Currency | O10: EUR
A11: ASM2026000000571
A12: Item No | B12: Case / Crate No | C12: Part No. / Model | D12: Description of Goods | E12: HS Code | F12: COO | G12: Qty | H12: UOM | I12: Package Type | J12: L (cm) | K12: W (cm) | L12: H (cm) | M12: Net Wt (kg) | N12: Gross Wt (kg) | O12: Volume (m³)
A13: 1 | C13: 2615H30001 | D13: St37 Steel Sheet 12x1500x6900 mm | E13: 7208.40.00.10.19 | F13: Türkiye | G13: 5 | H13: Pcs | I13: Bundle | J13: 6900 | K13: 1500 | L13: 12 | M13: 4925
A14: 2 | C14: 2615H30002 | D14: St37 Steel Sheet 12x1500x6900 mm | E14: 7208.40.00.10.19 | F14: Türkiye | G14: 5 | H14: Pcs | I14: Bundle | J14: 6900 | K14: 1500 | L14: 12 | M14: 4925
A15: 3 | C15: 2615H30003 | D15: St37 Steel Sheet 12x1500x6900 mm | E15: 7208.40.00.10.19 | F15: Türkiye | G15: 5 | H15: Pcs | I15: Bundle | J15: 6900 | K15: 1500 | L15: 12 | M15: 4925
A16: 4 | C16: 2615H30004 | D16: St37 Steel Sheet 12x1500x6900 mm | E16: 7208.51.20.90.19 | F16: Türkiye | G16: 6 | H16: Pcs | I16: Bundle | J16: 6900 | K16: 1500 | L16: 12 | M16: 5915
A17: 5
A18: 6
A19: 7 | O19: =IF(COUNTA(J19:L19)=3,J19*K19*L19/1000000,"")
A20: 8 | O20: =IF(COUNTA(J20:L20)=3,J20*K20*L20/1000000,"")
A21: 9 | O21: =IF(COUNTA(J21:L21)=3,J21*K21*L21/1000000,"")
A22: 10 | O22: =IF(COUNTA(J22:L22)=3,J22*K22*L22/1000000,"")
A23: TOTAL / TOPLAM | G23: =SUM(G13:G22) -> 21 | M23: =SUM(M13:M22) -> 20690 | N23: =SUM(N13:N22) -> 0 | O23: =SUM(O13:O22) -> 0
A25: Total Packages | C25: =COUNTA(B13:B22) -> 0 | D25: Total Qty | F25: =SUM(G13:G22) -> 21 | G25: Total Net Wt (kg) | I25: =SUM(M13:M22) -> 20690 | J25: Total Gross Wt (kg) | L25: =SUM(N13:N22) -> 0 | M25: Total Volume (m³) | O25: =SUM(O13:O22) -> 0
A27: PACKAGING DECLARATION / AMBALAJ BEYANI
A28: All goods are packed suitably for export shipment, loading/unloading and inland transportation unless otherwise stated above. Yukarıda aksi belirtilmedikçe tüm mallar ihracat sevkiyatına, yükleme/boşaltmaya ve iç nakliyeye uygun şekilde ambalajlanmıştır.
A31: APPROVAL / ONAY
A33: Prepared By | D33: Date | G33: Checked By | J33: Approved By | M33: Receiver / Carrier
A37: Vimpo Makine A.Ş.
A38: Adres / Address : Malıköy Anadolu OSB Mahallesi 12. Cadde No:8 06909 Sincan/Ankara/Türkiye Telefon / Phone : +90 312 354 8509 • E-posta / E-mail : ugur.cicekverdi@vimpo.com • Web : www.vimpo.com.tr
