Workbook

Sheet sum
A1: Container | B1: kg | C1: pcs
A2: SEGU7372565 | B2: =SEGU7372565!M23 -> 24540 | C2: =SEGU7372565!G23 -> 192
A3: SEGU7371949 | B3: =SEGU7372565!M23 -> 24540 | C3: =SEGU7372565!G23 -> 192
A4: TCLU7579931 | B4: =TCLU7579931!M23 -> 22940 | C4: =TCLU7579931!G23 -> 56

Sheet Sayfa1
A1: FATURA
A2: 23362
A3: 13650
A4: 6713
A5: 4826
A6: 3400
A7: 1560
A8: 3514
A9: 1126
A10: 912
A11: 1408
A12: =SUM(A2:A11) -> 60471
A13: =SUM(SEGU7371949!M17:M18) -> 1749
A14: =SEGU7371949!M16 -> 10800
A15: =SUM(A12:A14) -> 73020 | B15: 71460 | C15: =A15-B15 -> 1560

Sheet Sayfa2
A1: Item No | B1: Case / Crate No | C1: KONTEYNER | D1: Description of Goods | E1: HS Code | F1: COO | G1: Qty | H1: UOM | I1: Package Type | J1: Bundle Qty | K1: L (mm) | L1: H (mm) | M1: Net Wt (kg) | O1: Satır Etiketleri | P1: Toplam Bundle Qty | Q1: Toplam Net Wt (kg) | R1: Fatura | S1: FARK
A2: 1 | B2: PK-240-1 | C2: SEGU7372565 | D2: 240 NPI Steel Beam | E2: 722870900019 | F2: TR | G2: 32 | H2: pcs | I2: Bundle | J2: 4 | M2: =SEGU7372565!M13 -> 13949 | O2: 10x50 Flat Steel Bar | P2: 1 | Q2: 1408 | R2: 1408 | S2: =R2-GETPIVOTDATA("Toplam Net Wt (kg)",$O$1,"Description of Goods","10x50 Flat Steel Bar") -> 0
A3: 2 | B3: PK-180 | C3: SEGU7372565 | D3: 180 NPI Steel Beam | E3: 722870900019 | F3: TR | G3: 24 | H3: pcs | I3: Bundle | J3: 2 | M3: =SEGU7372565!M14 -> 5765 | O3: SEGU7371949 | P3: 1 | Q3: 1408
A4: 3 | B4: PK-80-1 | C4: SEGU7372565 | D4: 80 NPI Steel Beam | E4: 722870900019 | F4: TR | G4: 110 | H4: pcs | I4: Bundle | J4: 2 | M4: =SEGU7372565!M15 -> 3850 | O4: 180 NPI Steel Beam | P4: 3 | Q4: 6713 | R4: 6713 | S4: =R4-GETPIVOTDATA("Toplam Net Wt (kg)",$O$1,"Description of Goods","180 NPI Steel Beam") -> 0
A5: 4 | B5: PK-80-2 | C5: SEGU7372565 | D5: 80 NPI Steel Beam | E5: 722870900019 | F5: TR | G5: 26 | H5: pcs | I5: Bundle | J5: 1 | M5: =SEGU7372565!M16 -> 976 | O5: SEGU7371949 | P5: 1 | Q5: 948
A6: 1 | B6: PK-240-2 | C6: SEGU7371949 | D6: 240 NPI Steel Beam | E6: 722870900019 | F6: TR | G6: 8 | H6: pcs | I6: Bundle | J6: 1 | M6: =SEGU7371949!M13 -> 3523 | O6: SEGU7372565 | P6: 2 | Q6: 5765
A7: 2 | B7: PK-180-2 | C7: SEGU7371949 | D7: 180 NPI Steel Beam | E7: 722870900019 | F7: TR | G7: 6 | H7: pcs | I7: Bundle | J7: 1 | M7: =SEGU7371949!M14 -> 948 | O7: 20x40x2 Steel Box Profile | P7: 2 | Q7: 1749
A8: 3 | B8: PK-01 | C8: SEGU7371949 | D8: 3x30 Flat Steel Bar | E8: 722870900019 | F8: TR | G8: 840 | H8: pcs | I8: Bundle | J8: 2 | M8: =SEGU7371949!M15 -> 3514 | O8: SEGU7371949 | P8: 2 | Q8: 1749
A9: 4 | B9: PK-02 | C9: SEGU7371949 | D9: 40x60x2 Steel Box Profile | E9: 722870900019 | F9: TR | G9: 600 | H9: pcs | I9: Bundle | J9: 7 | M9: =SEGU7371949!M16 -> 10800 | O9: 240 NPI Steel Beam | P9: 12 | Q9: 40412 | R9: 40412 | S9: =R9-GETPIVOTDATA("Toplam Net Wt (kg)",$O$1,"Description of Goods","240 NPI Steel Beam") -> 0
A10: 5 | B10: PK-03 | C10: SEGU7371949 | D10: 20x40x2 Steel Box Profile | E10: 722870900019 | F10: TR | G10: 162 | H10: pcs | I10: Bundle | J10: 1 | M10: =SEGU7371949!M17 -> 1338 | O10: SEGU7371949 | P10: 1 | Q10: 3523
A11: 6 | B11: PK-04 | C11: SEGU7371949 | D11: 20x40x2 Steel Box Profile | E11: 722870900019 | F11: TR | G11: 38 | H11: pcs | I11: Bundle | J11: 1 | M11: =SEGU7371949!M18 -> 411 | O11: SEGU7372565 | P11: 4 | Q11: 13949
A12: 7 | B12: PK-05 | C12: SEGU7371949 | D12: 5x50 Flat Steel Bar | E12: 722870900019 | F12: TR | G12: 96 | H12: pcs | I12: Bundle | J12: 1 | M12: =SEGU7371949!M19 -> 1126 | O12: TCLU7579931 | P12: 7 | Q12: 22940
A13: 8 | B13: PK-06 | C13: SEGU7371949 | D13: 50 Steel Angle Bar | E13: 722870900019 | F13: TR | G13: 40 | H13: pcs | I13: Bundle | J13: 1 | M13: =SEGU7371949!M20 -> 912 | O13: 3x30 Flat Steel Bar | P13: 2 | Q13: 3514 | R13: 3514 | S13: =R13-GETPIVOTDATA("Toplam Net Wt (kg)",$O$1,"Description of Goods","3x30 Flat Steel Bar") -> 0
A14: 9 | B14: PK-07 | C14: SEGU7371949 | D14: 10x50 Flat Steel Bar | E14: 722870900019 | F14: TR | G14: 60 | H14: pcs | I14: Bundle | J14: 1 | M14: =SEGU7371949!M21 -> 1408 | O14: SEGU7371949 | P14: 2 | Q14: 3514
A15: 1 | B15: PK-240-3 | C15: TCLU7579931 | D15: 240 NPI Steel Beam | E15: 722870900019 | F15: TR | G15: 56 | H15: pcs | I15: Bundle | J15: 7 | M15: =TCLU7579931!M13 -> 22940 | O15: 40x60x2 Steel Box Profile | P15: 7 | Q15: 10800
O16: SEGU7371949 | P16: 7 | Q16: 10800
O17: 50 Steel Angle Bar | P17: 1 | Q17: 912 | R17: 912 | S17: =R17-GETPIVOTDATA("Toplam Net Wt (kg)",$O$1,"Description of Goods","50 Steel Angle Bar") -> 0
C18: Satır Etiketleri | D18: Toplam Net Wt (kg) | E18: VGM | F18: FARK | O18: SEGU7371949 | P18: 1 | Q18: 912
C19: SEGU7371949 | D19: 23980 | E19: =27810-3830 -> 23980 | F19: =GETPIVOTDATA("Net Wt (kg)",$C$18,"KONTEYNER","SEGU7371949")-E19 -> 0 | O19: 5x50 Flat Steel Bar | P19: 1 | Q19: 1126 | R19: 1126 | S19: =R19-GETPIVOTDATA("Toplam Net Wt (kg)",$O$1,"Description of Goods","5x50 Flat Steel Bar") -> 0
C20: SEGU7372565 | D20: 24540 | E20: =28370-3830 -> 24540 | F20: =GETPIVOTDATA("Net Wt (kg)",$C$18,"KONTEYNER","SEGU7372565")-E20 -> 0 | O20: SEGU7371949 | P20: 1 | Q20: 1126
C21: TCLU7579931 | D21: 22940 | E21: =26750-3810 -> 22940 | F21: =GETPIVOTDATA("Net Wt (kg)",$C$18,"KONTEYNER","TCLU7579931")-E21 -> 0 | O21: 80 NPI Steel Beam | P21: 3 | Q21: 4826 | R21: 4826 | S21: =R21-GETPIVOTDATA("Toplam Net Wt (kg)",$O$1,"Description of Goods","80 NPI Steel Beam") -> 0
C22: Genel Toplam | D22: 71460 | E22: =SUM(E19:E21) -> 71460 | F22: =SUM(F19:F21) -> 0 | O22: SEGU7372565 | P22: 3 | Q22: 4826 | S22: =SUM(S2:S21) -> 0
O23: Genel Toplam | P23: 32 | Q23: 71460

Sheet SEGU7372565
A1: #VALUE! | D1: PACKING LIST ÇEKİ LİSTESİ | L1: Yayın Tarihi | N1: 46098
L2: Doküman No | N2: P07-F07
L3: Revizyon Tarihi | N3: -
L4: Revizyon No | N4: 00
A5: DOCUMENT & SHIPMENT INFORMATION / BELGE VE SEVKİYAT BİLGİLERİ
A6: Order No. / Sipariş No | C6: VMP-S01064-B3 | E6: Date / Tarih | G6: 46130 | I6: Invoice No. / Fatura No | K6: IHR2026000000032 | M6: Incoterm | O6: CIF
A7: Shipper / Gönderici | C7: VİMPO MAKİNE A.Ş. | I7: Consignee / Alıcı | K7: Africa Road for Asphalt and Petroleum Insulation Industries
A8: Notify Party / İhbar | C8: Africa Road for Asphalt and Petroleum Insulation Industries | I8: Country of Origin | K8: Türkiye | M8: Final Destination | O8: Bingazi Port
A9: Port of Loading | E9: Port of Discharge | G9: Bingazi Port | I9: Vessel / Flight | K9: JEAN PIERRE A / 0BOENS1MA | M9: ETD / ETA | O9: 46166
A10: Container / Vehicle No. | C10: SEGU7372565 | E10: B/L - AWB No. | I10: PO / Contract No. | M10: Currency | O10: EUR
A12: Item No | B12: Case / Crate No | C12: Part No. / Model | D12: Description of Goods | E12: HS Code | F12: COO | G12: Qty | H12: UOM | I12: Package Type | J12: Bundle Qty | K12: L (mm) | L12: H (mm) | M12: Net Wt (kg) | N12: Gross Wt (kg) | O12: Volume (m³)
A13: 1 | B13: PK-240-1 | C13: SEGU7372565 | D13: 240 NPI Steel Beam | E13: 722870900019 | F13: TR | G13: 32 | H13: pcs | I13: Bundle | J13: 4 | M13: 13949 | O13: =IF(COUNTA(J13:L13)=3,J13*K13*L13/1000000,"")
A14: 2 | B14: PK-180-1 | C14: SEGU7372565 | D14: 180 NPI Steel Beam | E14: 722870900019 | F14: TR | G14: 24 | H14: pcs | I14: Bundle | J14: 2 | M14: 5765 | O14: =IF(COUNTA(J14:L14)=3,J14*K14*L14/1000000,"")
A15: 3 | B15: PK-80-1 | C15: SEGU7372565 | D15: 80 NPI Steel Beam | E15: 722870900019 | F15: TR | G15: 110 | H15: pcs | I15: Bundle | J15: 2 | M15: 3850 | O15: =IF(COUNTA(J15:L15)=3,J15*K15*L15/1000000,"")
A16: 4 | B16: PK-80-2 | C16: SEGU7372565 | D16: 80 NPI Steel Beam | E16: 722870900019 | F16: TR | G16: 26 | H16: pcs | I16: Bundle | J16: 1 | M16: 976 | O16: =IF(COUNTA(J16:L16)=3,J16*K16*L16/1000000,"")
A17: 5 | O17: =IF(COUNTA(J17:L17)=3,J17*K17*L17/1000000,"")
A18: 6 | O18: =IF(COUNTA(J18:L18)=3,J18*K18*L18/1000000,"")
A19: 7 | O19: =IF(COUNTA(J19:L19)=3,J19*K19*L19/1000000,"")
A20: 8 | O20: =IF(COUNTA(J20:L20)=3,J20*K20*L20/1000000,"")
A21: 9 | O21: =IF(COUNTA(J21:L21)=3,J21*K21*L21/1000000,"")
A22: 10 | O22: =IF(COUNTA(J22:L22)=3,J22*K22*L22/1000000,"")
A23: TOTAL/TOPLAM | G23: =SUM(G13:G22) -> 192 | J23: =SUM(J13:J22) -> 9 | M23: =SUM(M13:M22) -> 24540 | N23: =SUM(N13:N22) -> 0 | O23: =SUM(O13:O22) -> 0
A25: Total Bundle | C25: =J23 -> 9 | D25: Total Qty (pcs) | F25: =G23 -> 192 | G25: Total Net Wt (kg) | I25: =SUM(M13:M22) -> 24540 | J25: Total Gross Wt (kg) | L25: =SUM(N13:N22) -> 0 | M25: Total Volume (m³) | O25: =SUM(O13:O22) -> 0
A27: PACKAGING DECLARATION / AMBALAJ BEYANI
A28: All goods are packed suitably for export shipment, loading/unloading and inland transportation unless otherwise stated above. Yukarıda aksi belirtilmedikçe tüm mallar ihracat sevkiyatına, yükleme/boşaltmaya ve iç nakliyeye uygun şekilde ambalajlanmıştır.
A31: APPROVAL / ONAY
A33: Prepared By | D33: Date | G33: Checked By | J33: Approved By | M33: Receiver / Carrier
A37: Vimpo Makine A.Ş.
A38: Adres / Address : Malıköy Anadolu OSB Mahallesi 12. Cadde No:8 06909 Sincan/Ankara/Türkiye Telefon / Phone : +90 312 354 8509 • E-posta / E-mail : ugur.cicekverdi@vimpo.com • Web : www.vimpo.com.tr

Sheet SEGU7371949
A1: #VALUE! | D1: PACKING LIST ÇEKİ LİSTESİ | L1: Yayın Tarihi | N1: 46098
L2: Doküman No | N2: P07-F07
L3: Revizyon Tarihi | N3: -
L4: Revizyon No | N4: 00
A5: DOCUMENT & SHIPMENT INFORMATION / BELGE VE SEVKİYAT BİLGİLERİ
A6: Order No. / Sipariş No | C6: VMP-S01064-B3 | E6: Date / Tarih | G6: 46130 | I6: Invoice No. / Fatura No | K6: IHR2026000000032 | M6: Incoterm | O6: CIF
A7: Shipper / Gönderici | C7: VİMPO MAKİNE A.Ş. | I7: Consignee / Alıcı | K7: Africa Road for Asphalt and Petroleum Insulation Industries
A8: Notify Party / İhbar | C8: Africa Road for Asphalt and Petroleum Insulation Industries | I8: Country of Origin | K8: Türkiye | M8: Final Destination | O8: Bingazi Port
A9: Port of Loading | E9: Port of Discharge | G9: Bingazi Port | I9: Vessel / Flight | K9: JEAN PIERRE A / 0BOENS1MA | M9: ETD / ETA | O9: 46166
A10: Container / Vehicle No. | C10: SEGU7371949 | E10: B/L - AWB No. | I10: PO / Contract No. | M10: Currency | O10: EUR
A12: Item No | B12: Case / Crate No | C12: Part No. / Model | D12: Description of Goods | E12: HS Code | F12: COO | G12: Qty | H12: UOM | I12: Package Type | J12: Bundle Qty | K12: L (mm) | L12: H (mm) | M12: Net Wt (kg) | N12: Gross Wt (kg) | O12: Volume (m³)
A13: 1 | B13: PK-240-2 | C13: SEGU7371949 | D13: 240 NPI Steel Beam | E13: 722870900019 | F13: TR | G13: 8 | H13: pcs | I13: Bundle | J13: 1 | M13: 3523 | O13: =IF(COUNTA(J13:L13)=3,J13*K13*L13/1000000,"")
A14: 2 | B14: PK-180-2 | C14: SEGU7371949 | D14: 180 NPI Steel Beam | E14: 722870900019 | F14: TR | G14: 6 | H14: pcs | I14: Bundle | J14: 1 | M14: 948 | O14: =IF(COUNTA(J14:L14)=3,J14*K14*L14/1000000,"")
A15: 3 | B15: PK-01 | C15: SEGU7371949 | D15: 3x30 Flat Steel Bar | E15: 722870900019 | F15: TR | G15: 840 | H15: pcs | I15: Bundle | J15: 2 | M15: 3514 | O15: =IF(COUNTA(J15:L15)=3,J15*K15*L15/1000000,"")
A16: 4 | B16: PK-02 | C16: SEGU7371949 | D16: 40x60x2 Steel Box Profile | E16: 722870900019 | F16: TR | G16: 600 | H16: pcs | I16: Bundle | J16: 7 | M16: 10800 | O16: =IF(COUNTA(J16:L16)=3,J16*K16*L16/1000000,"")
A17: 5 | B17: PK-03 | C17: SEGU7371949 | D17: 20x40x2 Steel Box Profile | E17: 722870900019 | F17: TR | G17: 162 | H17: pcs | I17: Bundle | J17: 1 | M17: 1338 | O17: =IF(COUNTA(J17:L17)=3,J17*K17*L17/1000000,"")
A18: 6 | B18: PK-04 | C18: SEGU7371949 | D18: 20x40x2 Steel Box Profile | E18: 722870900019 | F18: TR | G18: 38 | H18: pcs | I18: Bundle | J18: 1 | M18: 411 | O18: =IF(COUNTA(J18:L18)=3,J18*K18*L18/1000000,"")
A19: 7 | B19: PK-05 | C19: SEGU7371949 | D19: 5x50 Flat Steel Bar | E19: 722870900019 | F19: TR | G19: 96 | H19: pcs | I19: Bundle | J19: 1 | M19: 1126 | O19: =IF(COUNTA(J19:L19)=3,J19*K19*L19/1000000,"")
A20: 8 | B20: PK-06 | C20: SEGU7371949 | D20: 50 Steel Angle Bar | E20: 722870900019 | F20: TR | G20: 40 | H20: pcs | I20: Bundle | J20: 1 | M20: 912 | O20: =IF(COUNTA(J20:L20)=3,J20*K20*L20/1000000,"")
A21: 9 | B21: PK-07 | C21: SEGU7371949 | D21: 10x50 Flat Steel Bar | E21: 722870900019 | F21: TR | G21: 60 | H21: pcs | I21: Bundle | J21: 1 | M21: 1408 | O21: =IF(COUNTA(J21:L21)=3,J21*K21*L21/1000000,"")
A22: 10 | O22: =IF(COUNTA(J22:L22)=3,J22*K22*L22/1000000,"")
A23: TOTAL/TOPLAM | G23: =SUM(G13:G22) -> 1850 | J23: =SUM(J13:J22) -> 16 | M23: =SUM(M13:M22) -> 23980 | N23: =SUM(N13:N22) -> 0 | O23: =SUM(O13:O22) -> 0
A25: Total Bundle | C25: =J23 -> 16 | D25: Total Qty (pcs) | F25: =G23 -> 1850 | G25: Total Net Wt (kg) | I25: =M23 -> 23980 | J25: Total Gross Wt (kg) | L25: =SUM(N13:N22) -> 0 | M25: Total Volume (m³) | O25: =SUM(O13:O22) -> 0
A27: PACKAGING DECLARATION / AMBALAJ BEYANI
A28: All goods are packed suitably for export shipment, loading/unloading and inland transportation unless otherwise stated above. Yukarıda aksi belirtilmedikçe tüm mallar ihracat sevkiyatına, yükleme/boşaltmaya ve iç nakliyeye uygun şekilde ambalajlanmıştır.
A31: APPROVAL / ONAY
A33: Prepared By | D33: Date | G33: Checked By | J33: Approved By | M33: Receiver / Carrier
A37: Vimpo Makine A.Ş.
A38: Adres / Address : Malıköy Anadolu OSB Mahallesi 12. Cadde No:8 06909 Sincan/Ankara/Türkiye Telefon / Phone : +90 312 354 8509 • E-posta / E-mail : ugur.cicekverdi@vimpo.com • Web : www.vimpo.com.tr

Sheet TCLU7579931
A1: #VALUE! | D1: PACKING LIST ÇEKİ LİSTESİ | L1: Yayın Tarihi | N1: 46098
L2: Doküman No | N2: P07-F07
L3: Revizyon Tarihi | N3: -
L4: Revizyon No | N4: 00
A5: DOCUMENT & SHIPMENT INFORMATION / BELGE VE SEVKİYAT BİLGİLERİ
A6: Order No. / Sipariş No | C6: VMP-S01064-B3 | E6: Date / Tarih | G6: 46130 | I6: Invoice No. / Fatura No | K6: IHR2026000000032 | M6: Incoterm | O6: CIF
A7: Shipper / Gönderici | C7: VİMPO MAKİNE A.Ş. | I7: Consignee / Alıcı | K7: Africa Road for Asphalt and Petroleum Insulation Industries
A8: Notify Party / İhbar | C8: Africa Road for Asphalt and Petroleum Insulation Industries | I8: Country of Origin | K8: Türkiye | M8: Final Destination | O8: Bingazi Port
A9: Port of Loading | E9: Port of Discharge | G9: Bingazi Port | I9: Vessel / Flight | K9: JEAN PIERRE A / 0BOENS1MA | M9: ETD / ETA | O9: 46166
A10: Container / Vehicle No. | C10: TCLU7579931 | E10: B/L - AWB No. | I10: PO / Contract No. | M10: Currency | O10: EUR
A12: Item No | B12: Case / Crate No | C12: Part No. / Model | D12: Description of Goods | E12: HS Code | F12: COO | G12: Qty | H12: UOM | I12: Package Type | J12: Bundle Qty | K12: L (mm) | L12: H (mm) | M12: Net Wt (kg) | N12: Gross Wt (kg) | O12: Volume (m³)
A13: 1 | B13: PK-240-3 | C13: TCLU7579931 | D13: 240 NPI Steel Beam | E13: 722870900019 | F13: TR | G13: 56 | H13: pcs | I13: Bundle | J13: 7 | M13: 22940 | O13: =IF(COUNTA(J13:L13)=3,J13*K13*L13/1000000,"")
A14: 2 | O14: =IF(COUNTA(J14:L14)=3,J14*K14*L14/1000000,"")
A15: 3 | O15: =IF(COUNTA(J15:L15)=3,J15*K15*L15/1000000,"")
A16: 4 | O16: =IF(COUNTA(J16:L16)=3,J16*K16*L16/1000000,"")
A17: 5 | O17: =IF(COUNTA(J17:L17)=3,J17*K17*L17/1000000,"")
A18: 6 | O18: =IF(COUNTA(J18:L18)=3,J18*K18*L18/1000000,"")
A19: 7 | O19: =IF(COUNTA(J19:L19)=3,J19*K19*L19/1000000,"")
A20: 8 | O20: =IF(COUNTA(J20:L20)=3,J20*K20*L20/1000000,"")
A21: 9 | O21: =IF(COUNTA(J21:L21)=3,J21*K21*L21/1000000,"")
A22: 10 | O22: =IF(COUNTA(J22:L22)=3,J22*K22*L22/1000000,"")
A23: TOTAL/TOPLAM | G23: =SUM(G13:G22) -> 56 | J23: =SUM(J13:J22) -> 7 | M23: =SUM(M13:M22) -> 22940 | N23: =SUM(N13:N22) -> 0 | O23: =SUM(O13:O22) -> 0
A25: Total Bundle | C25: =J23 -> 7 | D25: Total Qty (pcs) | F25: =G23 -> 56 | G25: Total Net Wt (kg) | I25: =M23 -> 22940 | J25: Total Gross Wt (kg) | L25: =SUM(N13:N22) -> 0 | M25: Total Volume (m³) | O25: =SUM(O13:O22) -> 0
A27: PACKAGING DECLARATION / AMBALAJ BEYANI
A28: All goods are packed suitably for export shipment, loading/unloading and inland transportation unless otherwise stated above. Yukarıda aksi belirtilmedikçe tüm mallar ihracat sevkiyatına, yükleme/boşaltmaya ve iç nakliyeye uygun şekilde ambalajlanmıştır.
A31: APPROVAL / ONAY
A33: Prepared By | D33: Date | G33: Checked By | J33: Approved By | M33: Receiver / Carrier
A37: Vimpo Makine A.Ş.
A38: Adres / Address : Malıköy Anadolu OSB Mahallesi 12. Cadde No:8 06909 Sincan/Ankara/Türkiye Telefon / Phone : +90 312 354 8509 • E-posta / E-mail : ugur.cicekverdi@vimpo.com • Web : www.vimpo.com.tr
