Workbook

Sheet sum
A1: Container | B1: kg | C1: pcs
A2: SEGU7372565 | B2: =SEGU7372565!M23 -> 24540 | C2: =SEGU7372565!G23 -> 192
A3: SEGU7371949 | B3: =SEGU7372565!M23 -> 24540 | C3: =SEGU7372565!G23 -> 192
A4: TCLU7579931 | B4: =TCLU7579931!M23 -> 22940 | C4: =TCLU7579931!G23 -> 56

Sheet SEGU7372565
A1: #VALUE! | D1: PACKING LIST ÇEKİ LİSTESİ | L1: Yayın Tarihi | N1: 46098
L2: Doküman No | N2: P07-F07
L3: Revizyon Tarihi | N3: -
L4: Revizyon No | N4: 00
A5: DOCUMENT & SHIPMENT INFORMATION / BELGE VE SEVKİYAT BİLGİLERİ
A6: Order No. / Sipariş No | C6: VMP-S01064-B3 | E6: Date / Tarih | G6: 46132 | I6: Invoice No. / Fatura No | K6: IHR2026000000033 | M6: Incoterm | O6: CIF
A7: Shipper / Gönderici | C7: VİMPO MAKİNE A.Ş. | I7: Consignee / Alıcı | K7: Africa Road for Asphalt and Petroleum Insulation Industries
A8: Notify Party / İhbar | C8: Africa Road for Asphalt and Petroleum Insulation Industries | I8: Country of Origin | K8: Türkiye | M8: Final Destination | O8: Bingazi Port
A9: Port of Loading | C9: IZMIT | E9: Port of Discharge | G9: Bingazi Port | I9: Vessel / Flight | K9: CMA CGM TOPAZ / 1BM1LS1MA | M9: ETD / ETA | O9: 46167
A10: Container / Vehicle No. | C10: SEGU7372565 | E10: B/L - AWB No. | I10: PO / Contract No. | M10: Currency | O10: EUR
A12: Item No | B12: Case / Crate No | C12: Part No. / Model | D12: Description of Goods | E12: HS Code | F12: COO | G12: Qty | H12: UOM | I12: Package Type | J12: Bundle Qty | K12: L (mm) | L12: H (mm) | M12: Net Wt (kg) | N12: Gross Wt (kg) | O12: Volume (m³)
A13: 1 | B13: PK-240-1 | D13: 240 NPI Steel Beam | E13: 722870900019 | F13: TR | G13: 32 | H13: pcs | I13: Bundle | J13: 4 | M13: 13949 | O13: =IF(COUNTA(J13:L13)=3,J13*K13*L13/1000000,"")
A14: 2 | B14: PK-180-1 | D14: 180 NPI Steel Beam | E14: 722870900019 | F14: TR | G14: 24 | H14: pcs | I14: Bundle | J14: 2 | M14: 5765 | O14: =IF(COUNTA(J14:L14)=3,J14*K14*L14/1000000,"")
A15: 3 | B15: PK-80-1 | D15: 80 NPI Steel Beam | E15: 722870900019 | F15: TR | G15: 110 | H15: pcs | I15: Bundle | J15: 2 | M15: 3850 | O15: =IF(COUNTA(J15:L15)=3,J15*K15*L15/1000000,"")
A16: 4 | B16: PK-80-2 | D16: 80 NPI Steel Beam | E16: 722870900019 | F16: TR | G16: 26 | H16: pcs | I16: Bundle | J16: 1 | M16: 976 | O16: =IF(COUNTA(J16:L16)=3,J16*K16*L16/1000000,"")
A17: 5 | O17: =IF(COUNTA(J17:L17)=3,J17*K17*L17/1000000,"")
A18: 6 | O18: =IF(COUNTA(J18:L18)=3,J18*K18*L18/1000000,"")
A19: 7 | O19: =IF(COUNTA(J19:L19)=3,J19*K19*L19/1000000,"")
A20: 8 | O20: =IF(COUNTA(J20:L20)=3,J20*K20*L20/1000000,"")
A21: 9 | O21: =IF(COUNTA(J21:L21)=3,J21*K21*L21/1000000,"")
A22: 10 | O22: =IF(COUNTA(J22:L22)=3,J22*K22*L22/1000000,"")
A23: TOTAL/TOPLAM | G23: =SUM(G13:G22) -> 192 | J23: =SUM(J13:J22) -> 9 | M23: =SUM(M13:M22) -> 24540 | N23: =SUM(N13:N22) -> 0 | O23: =SUM(O13:O22) -> 0
A25: Total Bundle | C25: =J23 -> 9 | D25: Total Qty (pcs) | F25: =G23 -> 192 | G25: Total Net Wt (kg) | I25: =SUM(M13:M22) -> 24540 | J25: Total Gross Wt (kg) | L25: =SUM(N13:N22) -> 0 | M25: Total Volume (m³) | O25: =SUM(O13:O22) -> 0
A27: PACKAGING DECLARATION / AMBALAJ BEYANI
A28: All goods are packed suitably for export shipment, loading/unloading and inland transportation unless otherwise stated above. Yukarıda aksi belirtilmedikçe tüm mallar ihracat sevkiyatına, yükleme/boşaltmaya ve iç nakliyeye uygun şekilde ambalajlanmıştır.
A31: APPROVAL / ONAY
A33: Prepared By | D33: Date | G33: Checked By | J33: Approved By | M33: Receiver / Carrier
A37: Vimpo Makine A.Ş.
A38: Adres / Address : Malıköy Anadolu OSB Mahallesi 12. Cadde No:8 06909 Sincan/Ankara/Türkiye Telefon / Phone : +90 312 354 8509 • E-posta / E-mail : ugur.cicekverdi@vimpo.com • Web : www.vimpo.com.tr

Sheet SEGU7371949
A1: #VALUE! | D1: PACKING LIST ÇEKİ LİSTESİ | L1: Yayın Tarihi | N1: 46098
L2: Doküman No | N2: P07-F07
L3: Revizyon Tarihi | N3: -
L4: Revizyon No | N4: 00
A5: DOCUMENT & SHIPMENT INFORMATION / BELGE VE SEVKİYAT BİLGİLERİ
A6: Order No. / Sipariş No | C6: VMP-S01064-B3 | E6: Date / Tarih | G6: 46132 | I6: Invoice No. / Fatura No | K6: IHR2026000000033 | M6: Incoterm | O6: CIF
A7: Shipper / Gönderici | C7: VİMPO MAKİNE A.Ş. | I7: Consignee / Alıcı | K7: Africa Road for Asphalt and Petroleum Insulation Industries
A8: Notify Party / İhbar | C8: Africa Road for Asphalt and Petroleum Insulation Industries | I8: Country of Origin | K8: Türkiye | M8: Final Destination | O8: Bingazi Port
A9: Port of Loading | C9: IZMIT | E9: Port of Discharge | G9: Bingazi Port | I9: Vessel / Flight | K9: CMA CGM TOPAZ / 1BM1LS1MA | M9: ETD / ETA | O9: 46167
A10: Container / Vehicle No. | C10: SEGU7371949 | E10: B/L - AWB No. | I10: PO / Contract No. | M10: Currency | O10: EUR
A12: Item No | B12: Case / Crate No | C12: Part No. / Model | D12: Description of Goods | E12: HS Code | F12: COO | G12: Qty | H12: UOM | I12: Package Type | J12: Bundle Qty | K12: L (mm) | L12: H (mm) | M12: Net Wt (kg) | N12: Gross Wt (kg) | O12: Volume (m³)
A13: 1 | B13: PK-240-2 | D13: 240 NPI Steel Beam | E13: 722870900019 | F13: TR | G13: 8 | H13: pcs | I13: Bundle | J13: 1 | M13: 3523 | O13: =IF(COUNTA(J13:L13)=3,J13*K13*L13/1000000,"")
A14: 2 | B14: PK-180-2 | D14: 180 NPI Steel Beam | E14: 722870900019 | F14: TR | G14: 6 | H14: pcs | I14: Bundle | J14: 1 | M14: 948 | O14: =IF(COUNTA(J14:L14)=3,J14*K14*L14/1000000,"")
A15: 3 | B15: PK-01 | D15: 3x30 Flat Steel Bar | E15: 722870900019 | F15: TR | G15: 840 | H15: pcs | I15: Bundle | J15: 2 | M15: 3514 | O15: =IF(COUNTA(J15:L15)=3,J15*K15*L15/1000000,"")
A16: 4 | B16: PK-02 | D16: 40x60x2 Steel Box Profile | E16: 722870900019 | F16: TR | G16: 600 | H16: pcs | I16: Bundle | J16: 7 | M16: 10800 | O16: =IF(COUNTA(J16:L16)=3,J16*K16*L16/1000000,"")
A17: 5 | B17: PK-03 | D17: 20x40x2 Steel Box Profile | E17: 722870900019 | F17: TR | G17: 162 | H17: pcs | I17: Bundle | J17: 1 | M17: 1338 | O17: =IF(COUNTA(J17:L17)=3,J17*K17*L17/1000000,"")
A18: 6 | B18: PK-04 | D18: 20x40x2 Steel Box Profile | E18: 722870900019 | F18: TR | G18: 38 | H18: pcs | I18: Bundle | J18: 1 | M18: 411 | O18: =IF(COUNTA(J18:L18)=3,J18*K18*L18/1000000,"")
A19: 7 | B19: PK-05 | D19: 5x50 Flat Steel Bar | E19: 722870900019 | F19: TR | G19: 96 | H19: pcs | I19: Bundle | J19: 1 | M19: 1126 | O19: =IF(COUNTA(J19:L19)=3,J19*K19*L19/1000000,"")
A20: 8 | B20: PK-06 | D20: 50 Steel Angle Bar | E20: 722870900019 | F20: TR | G20: 40 | H20: pcs | I20: Bundle | J20: 1 | M20: 912 | O20: =IF(COUNTA(J20:L20)=3,J20*K20*L20/1000000,"")
A21: 9 | B21: PK-07 | D21: 10x50 Flat Steel Bar | E21: 722870900019 | F21: TR | G21: 60 | H21: pcs | I21: Bundle | J21: 1 | M21: 1408 | O21: =IF(COUNTA(J21:L21)=3,J21*K21*L21/1000000,"")
A22: 10 | O22: =IF(COUNTA(J22:L22)=3,J22*K22*L22/1000000,"")
A23: TOTAL/TOPLAM | G23: =SUM(G13:G22) -> 1850 | J23: =SUM(J13:J22) -> 16 | M23: =SUM(M13:M22) -> 23980 | N23: =SUM(N13:N22) -> 0 | O23: =SUM(O13:O22) -> 0
A25: Total Bundle | C25: =J23 -> 16 | D25: Total Qty (pcs) | F25: =G23 -> 1850 | G25: Total Net Wt (kg) | I25: =M23 -> 23980 | J25: Total Gross Wt (kg) | L25: =SUM(N13:N22) -> 0 | M25: Total Volume (m³) | O25: =SUM(O13:O22) -> 0
A27: PACKAGING DECLARATION / AMBALAJ BEYANI
A28: All goods are packed suitably for export shipment, loading/unloading and inland transportation unless otherwise stated above. Yukarıda aksi belirtilmedikçe tüm mallar ihracat sevkiyatına, yükleme/boşaltmaya ve iç nakliyeye uygun şekilde ambalajlanmıştır.
A31: APPROVAL / ONAY
A33: Prepared By | D33: Date | G33: Checked By | J33: Approved By | M33: Receiver / Carrier
A37: Vimpo Makine A.Ş.
A38: Adres / Address : Malıköy Anadolu OSB Mahallesi 12. Cadde No:8 06909 Sincan/Ankara/Türkiye Telefon / Phone : +90 312 354 8509 • E-posta / E-mail : ugur.cicekverdi@vimpo.com • Web : www.vimpo.com.tr

Sheet TCLU7579931
A1: #VALUE! | D1: PACKING LIST ÇEKİ LİSTESİ | L1: Yayın Tarihi | N1: 46098
L2: Doküman No | N2: P07-F07
L3: Revizyon Tarihi | N3: -
L4: Revizyon No | N4: 00
A5: DOCUMENT & SHIPMENT INFORMATION / BELGE VE SEVKİYAT BİLGİLERİ
A6: Order No. / Sipariş No | C6: VMP-S01064-B3 | E6: Date / Tarih | G6: 46132 | I6: Invoice No. / Fatura No | K6: IHR2026000000033 | M6: Incoterm | O6: CIF
A7: Shipper / Gönderici | C7: VİMPO MAKİNE A.Ş. | I7: Consignee / Alıcı | K7: Africa Road for Asphalt and Petroleum Insulation Industries
A8: Notify Party / İhbar | C8: Africa Road for Asphalt and Petroleum Insulation Industries | I8: Country of Origin | K8: Türkiye | M8: Final Destination | O8: Bingazi Port
A9: Port of Loading | C9: IZMIT | E9: Port of Discharge | G9: Bingazi Port | I9: Vessel / Flight | K9: CMA CGM TOPAZ / 1BM1LS1MA | M9: ETD / ETA | O9: 46167
A10: Container / Vehicle No. | C10: TCLU7579931 | E10: B/L - AWB No. | I10: PO / Contract No. | M10: Currency | O10: EUR
A12: Item No | B12: Case / Crate No | C12: Part No. / Model | D12: Description of Goods | E12: HS Code | F12: COO | G12: Qty | H12: UOM | I12: Package Type | J12: Bundle Qty | K12: L (mm) | L12: H (mm) | M12: Net Wt (kg) | N12: Gross Wt (kg) | O12: Volume (m³)
A13: 1 | B13: PK-240-3 | D13: 240 NPI Steel Beam | E13: 722870900019 | F13: TR | G13: 56 | H13: pcs | I13: Bundle | J13: 7 | M13: 22940 | O13: =IF(COUNTA(J13:L13)=3,J13*K13*L13/1000000,"")
A14: 2 | O14: =IF(COUNTA(J14:L14)=3,J14*K14*L14/1000000,"")
A15: 3 | O15: =IF(COUNTA(J15:L15)=3,J15*K15*L15/1000000,"")
A16: 4 | O16: =IF(COUNTA(J16:L16)=3,J16*K16*L16/1000000,"")
A17: 5 | O17: =IF(COUNTA(J17:L17)=3,J17*K17*L17/1000000,"")
A18: 6 | O18: =IF(COUNTA(J18:L18)=3,J18*K18*L18/1000000,"")
A19: 7 | O19: =IF(COUNTA(J19:L19)=3,J19*K19*L19/1000000,"")
A20: 8 | O20: =IF(COUNTA(J20:L20)=3,J20*K20*L20/1000000,"")
A21: 9 | O21: =IF(COUNTA(J21:L21)=3,J21*K21*L21/1000000,"")
A22: 10 | O22: =IF(COUNTA(J22:L22)=3,J22*K22*L22/1000000,"")
A23: TOTAL/TOPLAM | G23: =SUM(G13:G22) -> 56 | J23: =SUM(J13:J22) -> 7 | M23: =SUM(M13:M22) -> 22940 | N23: =SUM(N13:N22) -> 0 | O23: =SUM(O13:O22) -> 0
A25: Total Bundle | C25: =J23 -> 7 | D25: Total Qty (pcs) | F25: =G23 -> 56 | G25: Total Net Wt (kg) | I25: =M23 -> 22940 | J25: Total Gross Wt (kg) | L25: =SUM(N13:N22) -> 0 | M25: Total Volume (m³) | O25: =SUM(O13:O22) -> 0
A27: PACKAGING DECLARATION / AMBALAJ BEYANI
A28: All goods are packed suitably for export shipment, loading/unloading and inland transportation unless otherwise stated above. Yukarıda aksi belirtilmedikçe tüm mallar ihracat sevkiyatına, yükleme/boşaltmaya ve iç nakliyeye uygun şekilde ambalajlanmıştır.
A31: APPROVAL / ONAY
A33: Prepared By | D33: Date | G33: Checked By | J33: Approved By | M33: Receiver / Carrier
A37: Vimpo Makine A.Ş.
A38: Adres / Address : Malıköy Anadolu OSB Mahallesi 12. Cadde No:8 06909 Sincan/Ankara/Türkiye Telefon / Phone : +90 312 354 8509 • E-posta / E-mail : ugur.cicekverdi@vimpo.com • Web : www.vimpo.com.tr
