Workbook

Sheet SUM
A1: CONTAINER | B1: QYT | C1: WEIGHT
A2: =MSKU0169927!C10 -> MSKU0169927 | B2: =MSKU0169927!F20 -> 290 | C2: =MSKU0169927!I20 -> 7040
A3: =SEKU4688446!C10 -> SEKU4688446 | B3: =SEKU4688446!G18 -> 290 | C3: =SEKU4688446!I20 -> 7140
A4: =MSKU8411180!C10 -> MSKU8411180 | B4: =MSKU8411180!F20 -> 290 | C4: =MSKU8411180!I20 -> 6850
A5: =MRKU3697839!C10 -> MRKU3697839 | B5: =MRKU3697839!F20 -> 287 | C5: =MRKU3697839!I20 -> 6860
A6: =MSKU1803342!C10 -> MSKU1803342 | B6: =MSKU1803342!F20 -> 290 | C6: =MSKU1803342!I20 -> 6980
A7: =MRKU5495565!C10 -> MRKU5495565 | B7: =MRKU5495565!F20 -> 290 | C7: =MRKU5495565!I20 -> 7000
A8: =TCKU7404556!C10 -> TCKU7404556 | B8: =TCKU7404556!F20 -> 290 | C8: =TCKU7404556!I20 -> 6800
A10: TOTAL | B10: =SUM(B2:B8) -> 2027 | C10: =SUM(C2:C8) -> 48670

Sheet MSKU0169927
A1: #VALUE! | D1: PACKING LIST ÇEKİ LİSTESİ | L1: Yayın Tarihi | N1: 46098
L2: Doküman No | N2: P07-F07
L3: Revizyon Tarihi | N3: -
L4: Revizyon No | N4: 00
A5: DOCUMENT & SHIPMENT INFORMATION / BELGE VE SEVKİYAT BİLGİLERİ
A6: Order No. / Sipariş No | C6: VMP-S01064-B5 | E6: Date / Tarih | G6: 46230 | I6: Invoice No. / Fatura No | K6: IHR2026000000060 | M6: Incoterm | O6: CIF
A7: Shipper / Gönderici | C7: VİMPO MAKİNE A.Ş. | I7: Consignee / Alıcı | K7: ATP / Africa Road for Asphalt and Petroleum Insulation Industries
A8: Notify Party / İhbar | I8: Country of Origin | K8: TÜRKİYE | M8: Final Destination | O8: BENGHAZI
A9: Port of Loading | C9: MERSİN | E9: Port of Discharge | G9: BENGHAZI | I9: Vessel / Flight | K9: JPO VENUS 631S | M9: ETD / ETA | O9: 46259
A10: Container / Vehicle No. | C10: MSKU0169927 | E10: B/L - AWB No. | I10: PO / Contract No. | M10: Currency
A12: Item No | B12: Case / Crate No | C12: Part No. / Model | D12: Description of Goods | E12: HS Code | F12: COO | G12: Qty | H12: UOM | I12: Package Type | J12: L (cm) | K12: W (cm) | L12: H (cm) | M12: Net Wt (kg) | N12: Gross Wt (kg) | O12: Volume (m³)
A13: 1 | D13: Type 650 Stone Wool Industrial Blanket, 100 mm thick × 1,000 mm wide × 3,000 mm long, density 80 kg/m³, faced with galvanized wire mesh, A1 non-combustible, 3 m² per roll. | E13: 6806.10.00.00.19 | F13: Turkey | G13: 290 | H13: Roll | I13: Bag | M13: 7040 | O13: =IF(COUNTA(J13:L13)=3,J13*K13*L13/1000000,"")
A14: 2 | O14: =IF(COUNTA(J14:L14)=3,J14*K14*L14/1000000,"")
A15: 3 | O15: =IF(COUNTA(J15:L15)=3,J15*K15*L15/1000000,"")
A16: 4 | O16: =IF(COUNTA(J16:L16)=3,J16*K16*L16/1000000,"")
A17: 5 | O17: =IF(COUNTA(J17:L17)=3,J17*K17*L17/1000000,"")
A18: TOTAL / TOPLAM | G18: =SUM(G13:G17) -> 290 | M18: =SUM(M13:M17) -> 7040 | N18: =SUM(N13:N17) -> 0 | O18: =SUM(O13:O17) -> 0
A20: Total Packages | C20: =COUNTA(B13:B17) -> 0 | D20: Total Qty | F20: =SUM(G13:G17) -> 290 | G20: Total Net Wt (kg) | I20: =SUM(M13:M17) -> 7040 | J20: Total Gross Wt (kg) | L20: =SUM(N13:N17) -> 0 | M20: Total Volume (m³) | O20: =SUM(O13:O17) -> 0
A21: Vimpo Makine A.Ş.
A22: Adres / Address : Malıköy Anadolu OSB Mahallesi 12. Cadde No:8 06909 Sincan/Ankara/Türkiye Telefon / Phone : +90 312 354 8509 • E-posta / E-mail : ugur.cicekverdi@vimpo.com • Web : www.vimpo.com.tr

Sheet SEKU4688446
A1: #VALUE! | D1: PACKING LIST ÇEKİ LİSTESİ | L1: Yayın Tarihi | N1: 46098
L2: Doküman No | N2: P07-F07
L3: Revizyon Tarihi | N3: -
L4: Revizyon No | N4: 00
A5: DOCUMENT & SHIPMENT INFORMATION / BELGE VE SEVKİYAT BİLGİLERİ
A6: Order No. / Sipariş No | C6: VMP-S01064-B5 | E6: Date / Tarih | G6: 46230 | I6: Invoice No. / Fatura No | K6: IHR2026000000060 | M6: Incoterm | O6: CIF
A7: Shipper / Gönderici | C7: VİMPO MAKİNE A.Ş. | I7: Consignee / Alıcı | K7: ATP / Africa Road for Asphalt and Petroleum Insulation Industries
A8: Notify Party / İhbar | I8: Country of Origin | K8: TÜRKİYE | M8: Final Destination | O8: BENGHAZI
A9: Port of Loading | C9: MERSİN | E9: Port of Discharge | G9: BENGHAZI | I9: Vessel / Flight | K9: JPO VENUS 631S | M9: ETD / ETA | O9: 46259
A10: Container / Vehicle No. | C10: SEKU4688446 | E10: B/L - AWB No. | I10: PO / Contract No. | M10: Currency
A12: Item No | B12: Case / Crate No | C12: Part No. / Model | D12: Description of Goods | E12: HS Code | F12: COO | G12: Qty | H12: UOM | I12: Package Type | J12: L (cm) | K12: W (cm) | L12: H (cm) | M12: Net Wt (kg) | N12: Gross Wt (kg) | O12: Volume (m³)
A13: 1 | D13: Type 650 Stone Wool Industrial Blanket, 100 mm thick × 1,000 mm wide × 3,000 mm long, density 80 kg/m³, faced with galvanized wire mesh, A1 non-combustible, 3 m² per roll. | E13: 6806.10.00.00.19 | F13: Turkey | G13: 290 | H13: Roll | I13: Bag | M13: 7140 | O13: =IF(COUNTA(J13:L13)=3,J13*K13*L13/1000000,"")
A14: 2 | O14: =IF(COUNTA(J14:L14)=3,J14*K14*L14/1000000,"")
A15: 3 | O15: =IF(COUNTA(J15:L15)=3,J15*K15*L15/1000000,"")
A16: 4 | O16: =IF(COUNTA(J16:L16)=3,J16*K16*L16/1000000,"")
A17: 5 | O17: =IF(COUNTA(J17:L17)=3,J17*K17*L17/1000000,"")
A18: TOTAL / TOPLAM | G18: =SUM(G13:G17) -> 290 | M18: =SUM(M13:M17) -> 7140 | N18: =SUM(N13:N17) -> 0 | O18: =SUM(O13:O17) -> 0
A20: Total Packages | C20: =COUNTA(B13:B17) -> 0 | D20: Total Qty | F20: =SUM(G13:G17) -> 290 | G20: Total Net Wt (kg) | I20: =SUM(M13:M17) -> 7140 | J20: Total Gross Wt (kg) | L20: =SUM(N13:N17) -> 0 | M20: Total Volume (m³) | O20: =SUM(O13:O17) -> 0
A21: Vimpo Makine A.Ş.
A22: Adres / Address : Malıköy Anadolu OSB Mahallesi 12. Cadde No:8 06909 Sincan/Ankara/Türkiye Telefon / Phone : +90 312 354 8509 • E-posta / E-mail : ugur.cicekverdi@vimpo.com • Web : www.vimpo.com.tr

Sheet MSKU8411180
A1: #VALUE! | D1: PACKING LIST ÇEKİ LİSTESİ | L1: Yayın Tarihi | N1: 46098
L2: Doküman No | N2: P07-F07
L3: Revizyon Tarihi | N3: -
L4: Revizyon No | N4: 00
A5: DOCUMENT & SHIPMENT INFORMATION / BELGE VE SEVKİYAT BİLGİLERİ
A6: Order No. / Sipariş No | C6: VMP-S01064-B5 | E6: Date / Tarih | G6: 46230 | I6: Invoice No. / Fatura No | K6: IHR2026000000060 | M6: Incoterm | O6: CIF
A7: Shipper / Gönderici | C7: VİMPO MAKİNE A.Ş. | I7: Consignee / Alıcı | K7: ATP / Africa Road for Asphalt and Petroleum Insulation Industries
A8: Notify Party / İhbar | I8: Country of Origin | K8: TÜRKİYE | M8: Final Destination | O8: BENGHAZI
A9: Port of Loading | C9: MERSİN | E9: Port of Discharge | G9: BENGHAZI | I9: Vessel / Flight | K9: JPO VENUS 631S | M9: ETD / ETA | O9: 46259
A10: Container / Vehicle No. | C10: MSKU8411180 | E10: B/L - AWB No. | I10: PO / Contract No. | M10: Currency
A12: Item No | B12: Case / Crate No | C12: Part No. / Model | D12: Description of Goods | E12: HS Code | F12: COO | G12: Qty | H12: UOM | I12: Package Type | J12: L (cm) | K12: W (cm) | L12: H (cm) | M12: Net Wt (kg) | N12: Gross Wt (kg) | O12: Volume (m³)
A13: 1 | D13: Type 650 Stone Wool Industrial Blanket, 100 mm thick × 1,000 mm wide × 3,000 mm long, density 80 kg/m³, faced with galvanized wire mesh, A1 non-combustible, 3 m² per roll. | E13: 6806.10.00.00.19 | F13: Turkey | G13: 290 | H13: Roll | I13: Bag | M13: 6850 | O13: =IF(COUNTA(J13:L13)=3,J13*K13*L13/1000000,"")
A14: 2 | O14: =IF(COUNTA(J14:L14)=3,J14*K14*L14/1000000,"")
A15: 3 | O15: =IF(COUNTA(J15:L15)=3,J15*K15*L15/1000000,"")
A16: 4 | O16: =IF(COUNTA(J16:L16)=3,J16*K16*L16/1000000,"")
A17: 5 | O17: =IF(COUNTA(J17:L17)=3,J17*K17*L17/1000000,"")
A18: TOTAL / TOPLAM | G18: =SUM(G13:G17) -> 290 | M18: =SUM(M13:M17) -> 6850 | N18: =SUM(N13:N17) -> 0 | O18: =SUM(O13:O17) -> 0
A20: Total Packages | C20: =COUNTA(B13:B17) -> 0 | D20: Total Qty | F20: =SUM(G13:G17) -> 290 | G20: Total Net Wt (kg) | I20: =SUM(M13:M17) -> 6850 | J20: Total Gross Wt (kg) | L20: =SUM(N13:N17) -> 0 | M20: Total Volume (m³) | O20: =SUM(O13:O17) -> 0
A21: Vimpo Makine A.Ş.
A22: Adres / Address : Malıköy Anadolu OSB Mahallesi 12. Cadde No:8 06909 Sincan/Ankara/Türkiye Telefon / Phone : +90 312 354 8509 • E-posta / E-mail : ugur.cicekverdi@vimpo.com • Web : www.vimpo.com.tr

Sheet MRKU3697839
A1: #VALUE! | D1: PACKING LIST ÇEKİ LİSTESİ | L1: Yayın Tarihi | N1: 46098
L2: Doküman No | N2: P07-F07
L3: Revizyon Tarihi | N3: -
L4: Revizyon No | N4: 00
A5: DOCUMENT & SHIPMENT INFORMATION / BELGE VE SEVKİYAT BİLGİLERİ
A6: Order No. / Sipariş No | C6: VMP-S01064-B5 | E6: Date / Tarih | G6: 46230 | I6: Invoice No. / Fatura No | K6: IHR2026000000060 | M6: Incoterm | O6: CIF
A7: Shipper / Gönderici | C7: VİMPO MAKİNE A.Ş. | I7: Consignee / Alıcı | K7: ATP / Africa Road for Asphalt and Petroleum Insulation Industries
A8: Notify Party / İhbar | I8: Country of Origin | K8: TÜRKİYE | M8: Final Destination | O8: BENGHAZI
A9: Port of Loading | C9: MERSİN | E9: Port of Discharge | G9: BENGHAZI | I9: Vessel / Flight | K9: JPO VENUS 631S | M9: ETD / ETA | O9: 46259
A10: Container / Vehicle No. | C10: MRKU3697839 | E10: B/L - AWB No. | I10: PO / Contract No. | M10: Currency
A12: Item No | B12: Case / Crate No | C12: Part No. / Model | D12: Description of Goods | E12: HS Code | F12: COO | G12: Qty | H12: UOM | I12: Package Type | J12: L (cm) | K12: W (cm) | L12: H (cm) | M12: Net Wt (kg) | N12: Gross Wt (kg) | O12: Volume (m³)
A13: 1 | D13: Type 650 Stone Wool Industrial Blanket, 100 mm thick × 1,000 mm wide × 3,000 mm long, density 80 kg/m³, faced with galvanized wire mesh, A1 non-combustible, 3 m² per roll. | E13: 6806.10.00.00.19 | F13: Turkey | G13: 287 | H13: Roll | I13: Bag | M13: 6860 | O13: =IF(COUNTA(J13:L13)=3,J13*K13*L13/1000000,"")
A14: 2 | O14: =IF(COUNTA(J14:L14)=3,J14*K14*L14/1000000,"")
A15: 3 | O15: =IF(COUNTA(J15:L15)=3,J15*K15*L15/1000000,"")
A16: 4 | O16: =IF(COUNTA(J16:L16)=3,J16*K16*L16/1000000,"")
A17: 5 | O17: =IF(COUNTA(J17:L17)=3,J17*K17*L17/1000000,"")
A18: TOTAL / TOPLAM | G18: =SUM(G13:G17) -> 287 | M18: =SUM(M13:M17) -> 6860 | N18: =SUM(N13:N17) -> 0 | O18: =SUM(O13:O17) -> 0
A20: Total Packages | C20: =COUNTA(B13:B17) -> 0 | D20: Total Qty | F20: =SUM(G13:G17) -> 287 | G20: Total Net Wt (kg) | I20: =SUM(M13:M17) -> 6860 | J20: Total Gross Wt (kg) | L20: =SUM(N13:N17) -> 0 | M20: Total Volume (m³) | O20: =SUM(O13:O17) -> 0
A21: Vimpo Makine A.Ş.
A22: Adres / Address : Malıköy Anadolu OSB Mahallesi 12. Cadde No:8 06909 Sincan/Ankara/Türkiye Telefon / Phone : +90 312 354 8509 • E-posta / E-mail : ugur.cicekverdi@vimpo.com • Web : www.vimpo.com.tr

Sheet MSKU1803342
A1: #VALUE! | D1: PACKING LIST ÇEKİ LİSTESİ | L1: Yayın Tarihi | N1: 46098
L2: Doküman No | N2: P07-F07
L3: Revizyon Tarihi | N3: -
L4: Revizyon No | N4: 00
A5: DOCUMENT & SHIPMENT INFORMATION / BELGE VE SEVKİYAT BİLGİLERİ
A6: Order No. / Sipariş No | C6: VMP-S01064-B5 | E6: Date / Tarih | G6: 46230 | I6: Invoice No. / Fatura No | K6: IHR2026000000060 | M6: Incoterm | O6: CIF
A7: Shipper / Gönderici | C7: VİMPO MAKİNE A.Ş. | I7: Consignee / Alıcı | K7: ATP / Africa Road for Asphalt and Petroleum Insulation Industries
A8: Notify Party / İhbar | I8: Country of Origin | K8: TÜRKİYE | M8: Final Destination | O8: BENGHAZI
A9: Port of Loading | C9: MERSİN | E9: Port of Discharge | G9: BENGHAZI | I9: Vessel / Flight | K9: JPO VENUS 631S | M9: ETD / ETA | O9: 46259
A10: Container / Vehicle No. | C10: MSKU1803342 | E10: B/L - AWB No. | I10: PO / Contract No. | M10: Currency
A12: Item No | B12: Case / Crate No | C12: Part No. / Model | D12: Description of Goods | E12: HS Code | F12: COO | G12: Qty | H12: UOM | I12: Package Type | J12: L (cm) | K12: W (cm) | L12: H (cm) | M12: Net Wt (kg) | N12: Gross Wt (kg) | O12: Volume (m³)
A13: 1 | D13: Type 650 Stone Wool Industrial Blanket, 100 mm thick × 1,000 mm wide × 3,000 mm long, density 80 kg/m³, faced with galvanized wire mesh, A1 non-combustible, 3 m² per roll. | E13: 6806.10.00.00.19 | F13: Turkey | G13: 290 | H13: Roll | I13: Bag | M13: 6980 | O13: =IF(COUNTA(J13:L13)=3,J13*K13*L13/1000000,"")
A14: 2 | O14: =IF(COUNTA(J14:L14)=3,J14*K14*L14/1000000,"")
A15: 3 | O15: =IF(COUNTA(J15:L15)=3,J15*K15*L15/1000000,"")
A16: 4 | O16: =IF(COUNTA(J16:L16)=3,J16*K16*L16/1000000,"")
A17: 5 | O17: =IF(COUNTA(J17:L17)=3,J17*K17*L17/1000000,"")
A18: TOTAL / TOPLAM | G18: =SUM(G13:G17) -> 290 | M18: =SUM(M13:M17) -> 6980 | N18: =SUM(N13:N17) -> 0 | O18: =SUM(O13:O17) -> 0
A20: Total Packages | C20: =COUNTA(B13:B17) -> 0 | D20: Total Qty | F20: =SUM(G13:G17) -> 290 | G20: Total Net Wt (kg) | I20: =SUM(M13:M17) -> 6980 | J20: Total Gross Wt (kg) | L20: =SUM(N13:N17) -> 0 | M20: Total Volume (m³) | O20: =SUM(O13:O17) -> 0
A21: Vimpo Makine A.Ş.
A22: Adres / Address : Malıköy Anadolu OSB Mahallesi 12. Cadde No:8 06909 Sincan/Ankara/Türkiye Telefon / Phone : +90 312 354 8509 • E-posta / E-mail : ugur.cicekverdi@vimpo.com • Web : www.vimpo.com.tr

Sheet MRKU5495565
A1: #VALUE! | D1: PACKING LIST ÇEKİ LİSTESİ | L1: Yayın Tarihi | N1: 46098
L2: Doküman No | N2: P07-F07
L3: Revizyon Tarihi | N3: -
L4: Revizyon No | N4: 00
A5: DOCUMENT & SHIPMENT INFORMATION / BELGE VE SEVKİYAT BİLGİLERİ
A6: Order No. / Sipariş No | C6: VMP-S01064-B5 | E6: Date / Tarih | G6: 46230 | I6: Invoice No. / Fatura No | K6: IHR2026000000060 | M6: Incoterm | O6: CIF
A7: Shipper / Gönderici | C7: VİMPO MAKİNE A.Ş. | I7: Consignee / Alıcı | K7: ATP / Africa Road for Asphalt and Petroleum Insulation Industries
A8: Notify Party / İhbar | I8: Country of Origin | K8: TÜRKİYE | M8: Final Destination | O8: BENGHAZI
A9: Port of Loading | C9: MERSİN | E9: Port of Discharge | G9: BENGHAZI | I9: Vessel / Flight | K9: JPO VENUS 631S | M9: ETD / ETA | O9: 46259
A10: Container / Vehicle No. | C10: MRKU5495565 | E10: B/L - AWB No. | I10: PO / Contract No. | M10: Currency
A12: Item No | B12: Case / Crate No | C12: Part No. / Model | D12: Description of Goods | E12: HS Code | F12: COO | G12: Qty | H12: UOM | I12: Package Type | J12: L (cm) | K12: W (cm) | L12: H (cm) | M12: Net Wt (kg) | N12: Gross Wt (kg) | O12: Volume (m³)
A13: 1 | D13: Type 650 Stone Wool Industrial Blanket, 100 mm thick × 1,000 mm wide × 3,000 mm long, density 80 kg/m³, faced with galvanized wire mesh, A1 non-combustible, 3 m² per roll. | E13: 6806.10.00.00.19 | F13: Turkey | G13: 290 | H13: Roll | I13: Bag | M13: 7000 | O13: =IF(COUNTA(J13:L13)=3,J13*K13*L13/1000000,"")
A14: 2 | O14: =IF(COUNTA(J14:L14)=3,J14*K14*L14/1000000,"")
A15: 3 | O15: =IF(COUNTA(J15:L15)=3,J15*K15*L15/1000000,"")
A16: 4 | O16: =IF(COUNTA(J16:L16)=3,J16*K16*L16/1000000,"")
A17: 5 | O17: =IF(COUNTA(J17:L17)=3,J17*K17*L17/1000000,"")
A18: TOTAL / TOPLAM | G18: =SUM(G13:G17) -> 290 | M18: =SUM(M13:M17) -> 7000 | N18: =SUM(N13:N17) -> 0 | O18: =SUM(O13:O17) -> 0
A20: Total Packages | C20: =COUNTA(B13:B17) -> 0 | D20: Total Qty | F20: =SUM(G13:G17) -> 290 | G20: Total Net Wt (kg) | I20: =SUM(M13:M17) -> 7000 | J20: Total Gross Wt (kg) | L20: =SUM(N13:N17) -> 0 | M20: Total Volume (m³) | O20: =SUM(O13:O17) -> 0
A21: Vimpo Makine A.Ş.
A22: Adres / Address : Malıköy Anadolu OSB Mahallesi 12. Cadde No:8 06909 Sincan/Ankara/Türkiye Telefon / Phone : +90 312 354 8509 • E-posta / E-mail : ugur.cicekverdi@vimpo.com • Web : www.vimpo.com.tr

Sheet TCKU7404556
A1: #VALUE! | D1: PACKING LIST ÇEKİ LİSTESİ | L1: Yayın Tarihi | N1: 46098
L2: Doküman No | N2: P07-F07
L3: Revizyon Tarihi | N3: -
L4: Revizyon No | N4: 00
A5: DOCUMENT & SHIPMENT INFORMATION / BELGE VE SEVKİYAT BİLGİLERİ
A6: Order No. / Sipariş No | C6: VMP-S01064-B5 | E6: Date / Tarih | G6: 46230 | I6: Invoice No. / Fatura No | K6: IHR2026000000060 | M6: Incoterm | O6: CIF
A7: Shipper / Gönderici | C7: VİMPO MAKİNE A.Ş. | I7: Consignee / Alıcı | K7: ATP / Africa Road for Asphalt and Petroleum Insulation Industries
A8: Notify Party / İhbar | I8: Country of Origin | K8: TÜRKİYE | M8: Final Destination | O8: BENGHAZI
A9: Port of Loading | C9: MERSİN | E9: Port of Discharge | G9: BENGHAZI | I9: Vessel / Flight | K9: JPO VENUS 631S | M9: ETD / ETA | O9: 46259
A10: Container / Vehicle No. | C10: TCKU7404556 | E10: B/L - AWB No. | I10: PO / Contract No. | M10: Currency
A12: Item No | B12: Case / Crate No | C12: Part No. / Model | D12: Description of Goods | E12: HS Code | F12: COO | G12: Qty | H12: UOM | I12: Package Type | J12: L (cm) | K12: W (cm) | L12: H (cm) | M12: Net Wt (kg) | N12: Gross Wt (kg) | O12: Volume (m³)
A13: 1 | D13: Type 650 Stone Wool Industrial Blanket, 100 mm thick × 1,000 mm wide × 3,000 mm long, density 80 kg/m³, faced with galvanized wire mesh, A1 non-combustible, 3 m² per roll. | E13: 6806.10.00.00.19 | F13: Turkey | G13: 290 | H13: Roll | I13: Bag | M13: 6800 | O13: =IF(COUNTA(J13:L13)=3,J13*K13*L13/1000000,"")
A14: 2 | O14: =IF(COUNTA(J14:L14)=3,J14*K14*L14/1000000,"")
A15: 3 | O15: =IF(COUNTA(J15:L15)=3,J15*K15*L15/1000000,"")
A16: 4 | O16: =IF(COUNTA(J16:L16)=3,J16*K16*L16/1000000,"")
A17: 5 | O17: =IF(COUNTA(J17:L17)=3,J17*K17*L17/1000000,"")
A18: TOTAL / TOPLAM | G18: =SUM(G13:G17) -> 290 | M18: =SUM(M13:M17) -> 6800 | N18: =SUM(N13:N17) -> 0 | O18: =SUM(O13:O17) -> 0
A20: Total Packages | C20: =COUNTA(B13:B17) -> 0 | D20: Total Qty | F20: =SUM(G13:G17) -> 290 | G20: Total Net Wt (kg) | I20: =SUM(M13:M17) -> 6800 | J20: Total Gross Wt (kg) | L20: =SUM(N13:N17) -> 0 | M20: Total Volume (m³) | O20: =SUM(O13:O17) -> 0
A21: Vimpo Makine A.Ş.
A22: Adres / Address : Malıköy Anadolu OSB Mahallesi 12. Cadde No:8 06909 Sincan/Ankara/Türkiye Telefon / Phone : +90 312 354 8509 • E-posta / E-mail : ugur.cicekverdi@vimpo.com • Web : www.vimpo.com.tr
